编号;阵营;类型;攻击力;生命值;移动力;关联头像;品质;可否攻击;可否装填;可否移动;技能;仅系统用;伙伴卡ID;是否处于调试中;献祭比重值;重铸铸造费用;拆解所得;是否可铸造;是否可拆解与献祭;卡牌名称;描述;美术资源;CV;画师;是否调整;调整版本
20001;10001;1;5;35;1;120001;1;1;1;1;20001;0;0;0;50;10000;2000;1;1;须佐之男;自身＋护盾时，永久＋1攻击力（每回合至多发动3次）；命中敌方单位时，提高1点生命值上限并获得1点生命值。;20001;横田 和輝;松花;;1103
20002;10001;1;3;40;1;120002;1;1;1;1;20002;0;0;0;50;10000;2000;1;1;月读;另一附属神永久处于迷雾（仍然会受到伤害）。己方回合开始时，受此效果影响的单位获得【圣盾】，永久＋1攻击力。;20002;上坂すみれ;松花;;
20003;10001;1;7;36;1;120003;3;1;1;1;20003;0;0;0;8;1000;200;1;1;建御雷;攻击后，己方所有单位＋2护盾；自身＋护盾时，+1攻击力，持续1回合。;20003;夏井 彩華;松花;;1103
20004;10001;1;5;35;2;120004;2;1;1;1;20004;0;0;0;18;3000;600;1;1;建御名方;游戏开始时，己方另一体附属神永久＋3攻击力。自身初始移动力＋1，每移动1格，获得1张弹幕卡［赤口］（行动点消耗：3／攻击力：13／装填时间：1／攻击范围：十字／常规伤害弹幕）（每回合至多发动2次）。;20004;森田 さつき;松花;;
20005;10001;1;2;35;1;120005;3;1;1;1;20005;0;0;0;8;1000;200;1;1;思兼神;每移动1格己方所有单位＋1护盾。自身＋护盾时，己方所有单位获得2点生命值和提高1点生命值上限。（每回合至多发动4次。）;20005;篠原 なるみ;松花;;1103,1113
20006;10001;1;0;50;1;120006;2;1;1;1;20006;0;0;0;18;3000;600;1;1;天手力男;己方回合开始时，攻击力变为生命值的1／5，向下取整。自身＋护盾时，获得5点生命值（每回合至多发动3次）。;20006;倉本 恵理;松花;;1103
20007;10001;1;6;25;1;120007;2;1;1;1;20007;0;0;0;18;3000;600;1;1;大国主;离场时，召唤1体［遗恨］（攻击力：35／生命值：1。攻击后自身离场，自身离场时，召唤［因幡的白兔］）。;20007;高橋 春香;松花;;
20008;10001;1;5;35;1;120008;3;1;1;1;20008;0;0;0;8;1000;200;1;1;大和武尊;【坚壁】，自身＋护盾时，获得5点生命值。自身＋护盾时，抽1张卡（每回合至多发动2次）。;20008;吉岡 香織;松花;;1103
20009;10001;1;3;32;1;120009;2;1;1;1;20009;0;0;0;18;3000;600;1;1;火之迦具土;【反击】，自身＋护盾时，所有不处于迷雾的单位失去5点生命值（每回合至多发动5次）。;20009;マイア;松花;;
20010;10002;1;6;40;1;120010;1;1;1;1;20010;0;0;0;50;10000;2000;1;1;托尔;命中敌方单位时，被命中单位【封刃】，同时使敌方一个随机单位【封刃】，持续1回合（每回合至多发动1次）。;20010;野中 藍;RitoruG;;1103
20011;10002;1;5;32;1;120011;1;1;1;1;20011;0;0;0;50;10000;2000;0;0;博德;己方回合开始时，自身获得【圣盾】，所有不处于迷雾的敌方单位失去6点生命值。攻击解除敌方单位迷雾时，被命中单位额外失去10点生命值。;20011;阿澄佳奈;RitoruG;;1103
20012;10002;1;3;32;1;120012;2;1;1;1;20012;0;0;0;18;3000;600;1;1;洛基;装填弹幕卡时，恢复2点行动点。（每回合至多发动3次）;20012;ひなた たまり;RitoruG;;
20013;10002;1;6;32;1;120013;3;1;1;1;20013;0;0;0;8;1000;200;1;1;弗丽嘉;己方回合开始时，己方所有单位获得6点生命值，敌方不处于迷雾的单位失去6点生命值。;20013;筏井 かなえ;U-Star;;1103
20014;10002;1;1;24;1;120014;3;1;1;1;20014;0;0;0;8;1000;200;1;1;弗雷;每移动1格，己方祈愿倒计时－1。;20014;山根 希美;RitoruG;;1113
20015;10002;1;9;35;1;120015;2;1;1;1;20015;0;0;0;18;3000;600;1;1;海拉;任意附属神【完全离场】后，此效果替换为离场附属神固有效果。;20015;平林 真理奈;RitoruG;;
20016;10002;1;4;35;1;120016;2;1;1;1;20016;0;0;0;18;3000;600;1;1;西芙;每获得一张卡时，己方所有单位获得4点生命值（每回合至多发动4次）。;20016;ひなた たまり;RitoruG;;1103
20017;10002;1;5;32;1;120017;2;1;1;1;20017;0;0;0;18;3000;600;1;1;提尔;敌方附属神离场时，己方所有单位获得20点生命值。自身离场时，召唤1体［瓦尔基里］（攻击力：7／生命值：25。己方回合开始时，己方所有单位＋2攻击力，持续1回合），己方所有单位永久＋6攻击力。;20017;上田 那央;RitoruG;;
20018;10002;1;5;35;1;120018;2;1;1;1;20018;0;0;0;18;3000;600;1;1;霍德尔;命中敌方单位时，敌方所有单位失去4点生命值，己方所有单位失去2点生命值。任意附属神离场时，获得1张弹幕卡［暗中潜行之魔］（行动点消耗：0／攻击力：3／装填时间：1／攻击范围：全领域冲击）。;20018;因幡 ゆう子;RitoruG;;1103
20019;10002;1;2;40;1;120019;2;1;1;1;20019;0;0;0;18;3000;600;1;1;海姆达尔;【坚壁】，失去生命值时，永久＋1攻击力（每个回合至多发动3次）。;20019;西澤 香奈;RitoruG;;
20020;10004;1;4;35;1;120020;1;1;1;1;20020;0;0;0;50;10000;2000;1;1;后羿;装填弹幕卡时，替换为装填［狩日炮］（攻击力：10／装填时间：0／攻击范围：单点）。攻击时获得1张［校准］（行动点消耗：1，攻击力：0／装填时间：0／攻击范围：单点）。;20020;上坂すみれ;松花;;
20021;10004;1;6;35;1;120021;1;1;1;1;20021;0;0;0;50;10000;2000;1;1;孙悟空;攻击时，无法解除迷雾。装填弹幕卡时，装填时间变为0。游戏开始时，己方手牌提高1点行动点消耗。命中敌方单位时，自身和被命中单位【封足】，持续1回合。;20021;野中 藍;松花;;
20022;10004;1;2;45;1;120022;3;1;1;1;20022;0;0;0;8;1000;200;1;1;太乙真人;己方回合开始时，己方所有单位装填时间－1，抽1张弹幕卡。;20022;伊藤 あすか;RitoruG;;1103
20023;10004;1;1;8;1;120023;2;1;1;1;20023;0;0;0;18;3000;600;1;1;哮天犬;开局时上场单位为哮天犬。哮天犬离场时，召唤1体［杨戬］（攻击力：4／生命值：20。己方回合开始时，敌方所有单位永久－1攻击力，失去5点生命值，（该技能效果每回合最多叠加2次））。哮天犬完全离场时，敌方全体【封刃】，持续1回合。;20023;堀籠 沙耶;RitoruG;;
20024;10004;1;4;40;1;120024;3;1;1;1;20024;0;0;0;8;1000;200;1;1;太白金星;己方回合开始时，获得1张神迹卡［启明星］（行动点消耗：1，指定区域解除迷雾）。;20024;福里 達典;松花;;1103
20025;10004;1;5;40;1;120025;3;1;1;1;20025;0;0;0;8;1000;200;1;1;嫦娥;装填弹幕卡时，己方另一附属神永久＋1攻击力（每回合至多发动2次）。己方回合开始时，随机获得1张行动点消耗为1或2的弹幕卡。;20025;佐久間 比呂美;RitoruG;;1103,1113
20026;10004;1;4;40;1;120026;2;1;1;1;20026;0;0;0;18;3000;600;1;1;李靖;装填弹幕卡时，替换为装填［宝塔］（攻击力：5／装填时间：0／攻击范围：十字／常规伤害弹幕）。自身离场时，敌方全体【封刃】，持续1回合。;20026;平林 正;松花;;
20027;10004;1;6;35;1;120027;2;1;1;1;20027;0;0;0;18;3000;600;1;1;哪吒;装填弹幕卡时，自身获得圣盾（每回合至多发动1次），己方处于迷雾的单位＋4护盾（每回合至多发动2次），己方不处于迷雾的单位永久+1攻击力（每回合至多发动1次）。;20027;関 友里恵;RitoruG;;1103
20028;10004;1;6;34;1;120028;2;1;1;1;20028;0;0;0;18;3000;600;1;1;太公望;自身失去生命值时，手牌中所有弹幕卡降低1点行动点消耗（每回合至多发动2次）。攻击后，手牌中所有弹幕卡降低1点行动点消耗（每回合至多发动1次）。;20028;岩松 泉;松花;;
20029;10003;1;5;40;1;120029;1;1;1;1;20029;0;0;0;50;10000;2000;1;1;乌特迦洛基;失去生命值时，随机移动至迷雾区域（无迷雾时原地不动），敌方随机单位失去 7 点生命值。失去生命值时，召唤1体［乌特迦洛基的残影］（攻击力：2/生命值：8。【坚壁】）。;20029;堀江由衣;RitoruG;;1103
20030;10003;1;0;50;1;120030;2;1;1;1;20030;0;0;0;18;3000;600;1;1;赫朗格尼尔;【反击】，【忍耐】2。每当手牌数变更时，攻击力变为与手牌数相等。自身失去生命值时，抽1张牌（每回合至多发动3次）。;20030;清水 じゅん;RitoruG;;1103
20031;10003;1;3;36;1;120031;3;1;1;1;20031;0;0;0;8;1000;200;1;1;法夫尼尔;自身失去生命值时，召唤1体【冰霜巨人】（每回合至多发动1次）。任意单位离场时，双方所有单位失去3点生命值，（每回合至多发动3次）。;20031;富澤 雄基;RitoruG;;
20032;10003;1;7;25;1;120032;1;1;1;1;20032;0;0;0;50;10000;2000;1;1;史尔特;攻击后，召唤1体【坚冰巨人】（每回合至多发动2次）。离场时，不处于迷雾的单位失去20点生命值，其他单位失去10点生命值。;20032;阿澄佳奈;松花;;
20033;10003;1;8;40;1;120033;3;1;1;1;20033;0;0;0;8;1000;200;1;1;赫拉斯瓦尔;自身被命中时，敌方攻击单位解除迷雾。命中敌人时，解除十字区域迷雾。攻击时，敌方随机解除1格迷雾。;20033;山根 希美;松花;;
20034;10003;1;4;60;1;120034;3;1;1;1;20034;0;20035;0;8;1000;200;1;1;梅妮亚;与菲妮亚同时在场时，每回合永久＋1攻击力，己方所有单位提高2点生命值上限并获得2点生命值，并获得1张神迹卡【贪婪之祸】。当菲妮亚离场时，梅尼亚一同离场。;20034;森田 さつき;RitoruG;;1103
20035;10003;1;4;60;1;120035;3;1;1;1;20035;0;20034;0;8;1000;200;1;1;菲妮亚;与梅尼亚同时在场时，每回合永久＋1攻击力，己方所有单位提高2点生命值上限并获得2点生命值。并获得1张神迹卡【强欲之灾】。当梅尼亚离场时，菲妮亚一同离场。;20035;谷野 悠里子;RitoruG;;1103
20036;10003;1;5;40;1;120036;2;1;1;1;20036;0;0;0;18;3000;600;1;1;芬里尔;任意附属神离场时，自身永久＋5攻击力，获得10点生命值。任意单位离场时，自身永久＋1攻击力（每回合至多发动1次）。;20036;舞原 ゆめ;松花;;
20037;10003;1;5;35;1;120037;2;1;1;1;20037;0;0;0;18;3000;600;1;1;约莫加德;己方回合开始时，所有单位失去1点生命值，己方全体＋1攻击力（持续1回合）。自身失去生命值时，装填时间－1。;20037;吉田 幸代;RitoruG;;
20038;10001;1;4;40;1;120038;1;1;1;1;20038;0;0;0;50;10000;2000;1;1;辉夜;装填弹幕时，召唤1体［辉夜复制型］（攻击力：8／生命值：20。自身受到攻击时，敌方所有单位失去8点生命值。）（每回合至多发动2次）。;20038;野方 こはる;松花;;1103
20039;10003;1;4;40;2;120039;3;1;1;1;20039;0;0;0;8;1000;200;1;1;蒂阿兹;自身初始移动力＋1。所有巨人召唤物攻击力＋1，初始移动力＋1，每移动1格，召唤1体【冰霜巨人】（每回合至多发动3次）。;20039;舞原 ゆめ;松花;;1103
20040;10005;1;9;40;1;120040;1;1;1;1;20040;0;0;0;50;10000;2000;1;1;哈努曼;攻击时消耗4点行动点，攻击时，召唤1体【哈努曼分灵】（每回合至多触发一次）。;20040;宮内 佐和子;RitoruG;;
20041;10001;1;4;40;1;120041;1;1;1;1;29916;0;0;0;50;10000;2000;1;1;大物主;己方回合开始时，随机获得1张【创国五策】。命中敌方单位时，敌方所有单位失去3*N点生命值（N为命中敌方单位的数量）（每回合至多发动1次）。自身被命中时，敌方主神失去3点生命值。;20041;かとう 有花;spirtie;;1116
20042;10006;1;3;28;1;120042;1;1;1;1;20113;0;0;0;50;10000;2000;1;1;弗雷·夏之王;【福音】，【胜利庇佑】，己方回合开始时，自身提高3点生命值上限并获得5点生命值。攻击时，自身永久+1攻击力（每回合至多发动1次）;20042;白壁 爽子;松花;;
20043;10004;1;6;38;1;120043;1;1;1;1;20043;0;0;0;50;10000;2000;1;0;日耀帝君;【掠取】50%。己方回合开始时，若自身不处于迷雾，则永久＋2攻击力，并获得8点护盾与【圣盾】。;20043;伊藤 あすか;RitoruG;;1103
20044;10003;1;6;40;1;120044;1;1;1;1;29915;0;0;0;50;10000;2000;1;0;【洛基】;攻击后，召唤1体【洛基之血】；己方回合开始时，己方场上每存在1体【洛基之血】，则永久+1攻击力，提高1点生命值上限并获得1点生命值。装填弹幕时，双方所有单位失去3点生命值（每回合至多发动1次）。;20044;天野 未来;RitoruG;;1116
20045;10004;1;2;25;1;120045;1;1;1;1;20045;0;0;0;50;10000;1000;1;1;哪吒原初型;攻击命中敌方单位时，随机召唤1体【强化量产型】（单局游戏至多发动一次）。;20045;小泉 喬生;RitoruG;;
20046;10005;1;3;37;1;120046;1;1;1;1;20046;0;0;0;50;10000;2000;1;1;哪吒俱伐罗;当敌方使用弹幕卡时，己方所有单位＋3护盾，自身永久＋2攻击力；当敌方使用神迹卡时，己方所有单位获得2点生命值。;20046;やはら ともこ;RitoruG;;1103
20047;10004;1;4;32;1;120047;3;1;1;1;20047;0;0;0;8;1000;200;1;1;太阴星君;己方回合开始时，敌方所有单位装填时间＋1。自身攻击时，敌方手牌永久提高1点行动点消耗（每回合至多发动1次）。;20047;高橋 春香;松花;;1103
20048;10001;1;0;45;1;120048;2;1;1;1;20048;0;0;0;18;3000;600;1;1;事代主;自身移动时，每移动1格获得1张神迹卡［责任者］（恢复1点行动点）（每回合至多发动2次）。;20048;叶江 透;6音;;1103
20049;10001;1;5;32;1;120049;2;1;1;1;20049;0;0;0;18;3000;600;1;1;经津主;每次攻击前，＋2攻击力，持续1回合。;20049;中条 智世;松花;;
20051;10004;1;2;40;1;120051;1;1;1;1;20051;0;0;0;50;10000;2000;0;1;庄周鲲之型;装填弹幕卡时，召唤1体［尼采］（攻击力：7／生命值：7。命中敌方单位时，被命中单位【封足】，持续1回合。攻击后自身离场，离场时敌方所有封足的单位失去5点生命值。）（每回合至多发动3次）。;20051;雨宫 天;松花;;
20052;10004;1;4;40;1;120052;3;1;1;1;20052;0;0;0;8;9999;0;0;0;南华管理者;己方回合开始时，己方全体单位＋5护盾。;20052;雨宫 天;松花;;
20053;10004;1;3;40;1;120053;3;1;1;1;20053;0;0;0;8;9999;0;0;0;南华整备士;自身＋护盾时，己方全体永久＋1攻击力，当前装填时间－1（每回合至多发动1次）。;20053;雨宫 天;松花;;
20054;10004;1;3;30;1;120054;1;1;1;1;20054;1;0;0;50;0;1000;0;1;庄周鹏之型;除主神外任意单位被召唤时，额外召唤一个相同个体。;20054;雨宫 天;松花;;
20055;10005;1;5;35;1;120055;2;1;1;1;20055;0;0;0;18;3000;600;1;1;持国天;【坚壁】，【反击】。;20055;入倉 敬介;RitoruG;;
20056;10005;1;5;35;1;120056;2;1;1;1;20056;0;0;0;18;3000;600;1;1;广目天;当敌方使用神迹卡时，己方所有单位永久＋1攻击力。;20056;山川 龍聖;一靖;;
20057;10005;1;5;35;1;120057;2;1;1;1;20057;0;0;0;18;3000;600;1;1;多闻天;当敌方使用弹幕卡时，敌方所有单位失去3点生命值。;20057;伊藤 聖将;RitoruG;;
20058;10005;1;5;25;1;120058;1;1;1;1;20058;0;0;0;50;10000;2000;1;1;湿婆;己方回合开始时，自身永久＋3攻击力。攻击后，双方随机舍弃1张手牌（每回合至多发动2次）。自身＋护盾时，获得5点生命值（每回合至多发动2次）。自身失去生命值时，敌方随机单位失去3点生命值（每回合至多发动2次）。;20058;関 俊彦;RitoruG;;1103
20059;10005;1;3;35;1;120059;2;1;1;1;20059;0;0;0;18;3000;600;1;1;增长天;己方回合开始时，己方所有单位永久＋1移动力，己方随机单位＋2～4点攻击力，持续1回合。;20059;天野 未来;松花;;
20060;10005;1;5;40;1;120060;2;1;1;1;20060;0;0;0;18;3000;600;1;1;因陀罗;己方回合开始时，己方全体永久+1~3攻击力。敌方回合开始时，弃掉己方所有手牌。;20060;吉田 幸代;灰熊猫;;
20061;10005;1;5;35;1;120061;3;1;1;1;20061;0;0;0;8;1000;200;1;1;娜迦;【反击】，自身攻击后，敌方随机舍弃1张手牌（每回合至多发动2次）。;20061;小野 早希;满脸土豆泥;;1103
20062;10005;1;6;35;1;120062;1;1;1;1;20062;0;0;0;50;10000;2000;1;1;迦楼罗;自身每回合首次【突击】。;20062;今井 麻美;saru;;
20063;10005;1;4;32;1;120063;3;1;1;1;20063;0;0;0;8;1000;200;1;1;拉克西米;每获得一张卡时，己方所有单位＋2护盾（每回合至多发动3次），己方随机单位+1攻击力，持续1回合。（每回合至多发动4次）。;20063;宮下 光世;木子翔;;1103
20064;10005;1;0;45;1;120064;2;0;0;1;20064;0;0;0;18;3000;600;1;1;犍尼萨;无法攻击，无法装填，己方回合开始时，敌方所有单位失去4点生命值。;20064;吉岡 香織;wlop;;
20065;10005;1;5;40;1;120066;1;1;1;1;20065;0;0;0;50;10000;2000;1;1;帕尔瓦蒂;己方回合开始时，【变化】为［迦梨］。命中敌人时，己方所有单位获得5点生命值。;20065;福原 綾香;RitoruG;;
20066;10005;1;5;40;1;;1;1;1;1;20066;1;0;0;50;0;1000;0;1;迦梨;己方回合开始时，【变化】为［帕尔瓦蒂］。命中敌人时，敌方所有单位失去5点生命值。;20066;福原 綾香;RitoruG;;
20067;10005;1;4;20;1;120067;3;1;1;1;20067;1;0;0;5;300;60;1;1;鸠摩罗;【坚壁】，自身失去生命值时，祈愿倒计时－1。;20067;小泉 喬生;灰熊猫;;
20068;10006;1;8;28;1;120068;2;1;1;1;20068;0;0;0;5;3000;600;1;1;奥西里斯;离场时，敌方所有单位失去8点生命值，召唤1体［奥西里斯（重生）］（攻击力：8／生命值：20。技能与奥西里斯相同）。;20068;渡辺 翔太;松花;;
20069;10006;1;4;30;1;120069;1;1;1;1;20069;1;0;1;50;0;1000;1;1;塞特;当敌方使用神迹卡时，敌方手牌中所有神迹卡增加9点行动点消耗，持续1回合。;20069;関 俊彦;松花;;
20070;10006;1;4;43;1;120070;1;1;1;1;20112;0;0;0;50;10000;2000;1;1;荷鲁斯;任意单位离场时，己方所有【秘术】（手牌、卡组）降低1点行动点消耗，随机获得一张品质为普通的神迹卡（每回合至多发动2次）。自身离场时，获得本局内使用过的所有【秘术】，行动点消耗变为0。;20070;花澤 香菜;松花;;1103
20071;10006;1;1;30;1;120071;2;1;1;1;20071;1;0;1;5;1000;200;1;1;伊西斯;仅1次，己方任意附属神离场时，将其以20点生命值的状态复活一次。自身离场时，己方所有单位获得10点生命值。;20071;伊藤 あすか;沉堇;;
20072;10006;1;6;45;1;120072;2;1;1;1;20072;0;0;0;5;1000;200;1;1;塞赫迈特;【掠取】100％，【反击】。;20072;綾宮 由希子;avamone;;
20073;10006;1;4;40;1;120073;1;1;1;1;20073;0;0;0;50;10000;2000;1;1;贝斯特;每移动1格，自身永久＋1攻击力（每回合至多发动4次），自身失去生命值时随机移动至迷雾区域（无迷雾时原地不动）。;20073;加隈 亜衣;saru;;
20074;10006;1;3;30;1;120074;2;1;1;1;20074;1;0;1;5;1000;200;1;1;托特;每回合敌方首次使用卡牌时，复制该卡牌并置入己方手牌。;20074;向山 直美;松花;;
20075;10006;1;5;45;1;120075;2;1;1;1;20075;0;0;0;5;3000;600;1;1;姆特;失去生命值时，己方所有单位＋1攻击力，持续1回合，随机解除敌方2格迷雾（每回合至多发动2次）。;20075;舞原 ゆめ;咸鱼yaya;;1103
20076;10006;1;2;40;1;120076;1;1;1;1;20076;0;0;0;50;10000;2000;1;1;孔斯;己方主神永久处于迷雾，当敌方使用神迹卡时，敌方所有单位失去3点生命值（每回合至多使用1次），并【封刃】，持续1回合。己方回合开始时获得1张神迹卡【咒缚之法】。;20076;今井 麻美;RAN;;1103
20077;10006;1;3;30;1;120077;2;1;1;1;20077;1;0;1;5;1000;200;1;1;亚顿;己方回合开始时，不处于迷雾的单位失去2点生命值。己方主神离场时自身成为主神并继承主神技能。;20077;篠原 なるみ;Adling;;
20078;10006;1;8;22;3;120078;3;1;1;1;20078;0;0;0;5;1000;200;1;1;凯布利;初始移动力+2。每移动1格自身获得2点生命值。攻击时自身失去6点生命值（每回合至多发动1次）。自身离场时，敌方舍弃所有手牌，【净化】敌方所有单位。;20078;市橋 尚史;松花;;1103
20079;10006;1;3;27;1;120079;1;1;1;1;20079;1;0;1;50;0;1000;0;1;奈芙蒂斯;在场时，己方所有单位不会受到【圣盾】，【封足】，【封刃】，【创伤】以及针对攻击力或移动力改变的影响。;20079;田中 敦子;SamAshton;;
20080;10006;1;0;45;1;120080;2;1;1;1;20080;0;0;0;5;3000;600;1;1;索贝克;命中敌方单位时，被命中单位每回合失去3点生命值，持续3回合，可叠加。;20080;本宫 加奈;spirtie;;
20081;10006;1;5;28;1;120081;2;1;1;1;20081;1;0;1;5;1000;200;1;1;阿努比斯;己方回合开始时获得1张神迹卡［幸运爆弹］，【业火】发动时，敌方所有单位失去5点生命值。;20081;横田 彩;松花;;
20082;10006;1;3;20;1;120082;3;1;1;1;20082;1;0;1;5;300;60;1;1;阿穆特;【业火】发动时，获得1张神迹卡［幸运爆弹］。;20082;横田 彩;松花;;
20083;10001;1;4;35;1;120083;2;1;1;1;20083;0;0;0;18;3000;600;1;1;荒霸吐;【掠取】100％，己方回合开始时，自身永久＋1攻击力，随机解除敌方2格迷雾（优先解除无单位区域迷雾）。;20083;名塚 佳織;RAN;;1103
20084;10001;1;4;32;1;120084;3;1;1;1;20084;0;0;0;8;1000;200;1;1;天之常立;己方回合开始时，己方所有单位＋4护盾，＋1移动力，持续1回合。;20084;花澤 茜;noir（俊木）;;
20085;10001;1;3;28;1;120085;1;1;1;1;20085;0;0;0;50;10000;2000;1;1;冥后奇稻田;游戏开始时，己方所有单位提高5点护盾上限，己方回合开始时己方随机单位获得10点护盾，敌方回合开始时，己方所有单位获得等同于冥后奇稻田护盾值50％的生命值，己方回合开始时，自身护盾若为0，自身获得6点攻击力，持续1回合。;20085;長坂 光;灰熊猫;;
20086;10001;1;4;35;1;120086;2;1;1;1;20086;0;0;0;18;3000;600;1;1;水蛭子;己方回合开始时，获得1张神迹卡［财富］（抽2张卡）。;20086;中条 智世;勇妹－Uta;;
20087;10001;1;3;35;1;120087;1;1;1;1;20087;0;0;0;50;10000;2000;1;1;少彦名;自身失去生命值时，自身随机移动至迷雾区域（无迷雾时原地不动）。自身+护盾时，获得【常世异术】（每回合至多发动1次）。;20087;八劔すみれ;lack;;
20088;10001;1;5;50;1;120088;2;1;1;1;20088;0;20089;0;18;3000;600;1;1;天若日子;与天探女同时在场时，己方回合开始时，己方所有单位获得【圣盾】，＋4攻击力，持续1回合。当天探女离场时，天若日子一同离场。;20088;名塚 佳織;clare;;
20089;10001;1;5;50;1;120089;2;1;1;1;20089;0;20088;0;18;3000;600;1;1;天探女;与天若日子同时在场时，己方回合开始时，随机解除敌方2格迷雾（优先解除无单位区域迷雾）。当天若日子离场时，天探女一同离场。;20089;本宫 加奈;clare;;1103
20090;10001;1;5;30;1;120090;2;1;1;1;20090;1;0;0;5;1000;200;1;1;毗沙门天;命中敌人时，消除对象已装填弹幕与【秘术】。被命中时（普通攻击／弹幕攻击），敌方攻击单位解除迷雾。;20090;伊藤 聖将;RitoruG;;
20091;10002;1;2;36;1;120091;1;1;1;1;20114;0;0;0;5;10000;2000;1;1;尼约德;己方回合开始时，获得1张【夏日祝福】。敌方回合开始时，敌方获得1张【酷热】。己方使用神迹卡时，召唤1体【夏之魂灵】（每回合至多发动1次，单局至多发动5次）。;20091;御子神 考次;松花;;
20092;10002;1;5;33;1;120092;1;1;1;1;20115;0;0;0;5;10000;2000;1;1;斯卡蒂;每当敌方获得1张卡时，己方获得1张卡。每获得1张卡，自身提高2点生命值上限，己方主神+2护盾（每回合至多发动2次）。自身失去生命值时，敌方手牌永久提高1点行动点消耗（每回合至多发动1次）。;20092;ひなた たまり;灰熊猫;;
20093;10002;1;3;40;1;120093;2;1;1;1;20093;0;0;0;18;3000;600;1;1;古尔薇格;任意单位离场时，己方所有单位永久＋1攻击力。（每回合至多发动2次，单局游戏至多发动6次）;20093;マイア;SamAshton;;
20094;10002;1;7;35;1;120094;3;1;1;1;20094;0;0;0;8;1000;200;1;1;史基尼尔;攻击后，己方主神获得5点生命值，＋5护盾。;20094;本宫 加奈;废人;;1103
20095;10002;1;4;40;1;120095;1;1;1;1;20095;0;0;0;50;10000;2000;1;1;芙蕾雅;己方每回合首次使用神迹卡降低4点行动点消耗。;20095;野中 藍;Bison仓鼠;;1103
20096;10002;1;8;35;1;120096;1;1;0;1;20096;0;0;0;50;10000;2000;1;1;希格德莉法;自身无法装填；任意附属神离场时，召唤1体［胜利宣判者］（攻击力：23／生命值：10。【突击】，攻击后离场）。;20096;野中 藍;saberiii;;1103
20097;10002;1;5;32;1;120097;2;1;1;1;20097;0;0;0;18;3000;600;1;1;布拉吉;己方回合开始时，己方所有单位＋2～3攻击力，持续2回合。;20097;福里 達典;RitoruG;;
20098;10003;1;2;60;1;120098;1;1;1;1;20098;0;0;0;50;10000;2000;1;1;尼德霍格;【反击】，己方回合开始时，自身永久＋2攻击力，己方主神失去3点生命值。命中敌方单位时，被命中单位【封足】，持续1回合，己方主神获得3点生命值（每回合至多发动1次）。;20098;名塚 佳織;TID;;
20099;10003;1;4;20;1;120099;1;1;1;1;20099;0;0;0;50;10000;2000;1;1;阿尔贝莉琪;己方回合开始时，己方另一体附属神永久－2攻击力，失去5点生命值。自身获得【圣盾】，永久＋2攻击力，提升5点生命值上限并获得5点生命值。;20099;小野 早希;saru;;1103
20100;10003;1;4;30;1;120100;3;1;1;1;22100;1;0;0;8;1000;200;1;1;哈提;命中敌方单位时，敌方所有处于迷雾的单位失去2点生命值。;20100;小野 早希;幻象黑兔;;
20101;10003;1;4;30;1;120101;2;1;1;1;22101;1;0;0;18;3000;600;1;1;斯库鲁;每回合首次命中敌人时，敌方所有不处于迷雾的单位失去7点生命值。;20101;吉富 勇矢;一靖;;
20102;10003;1;12;60;1;120102;1;1;1;1;20102;1;0;1;50;10000;2000;0;1;摩克卡菲;【反击】，攻击命中后永久降低自身4点攻击力（每回合至多发动一次），自身被命中时，敌方攻击单位解除迷雾并【封足】。;20102;叶江 透;saberiii;;
20103;10003;1;8;35;1;120103;3;1;1;1;20103;0;0;0;8;1000;200;1;1;索列姆;【掠取】150％，攻击后，敌方随机单位【封刃】，持续1回合（每回合至多发动1次）。;20103;山崎 沙織;凌猫幸运z;;1103
20104;10003;1;3;30;1;120104;3;1;1;1;20104;0;0;0;8;1000;200;1;1;奥尔布达;每获得一张卡时，召唤1体【坚冰巨人】（每回合至多发动2次）。;20104;堀籠 沙耶;八云玖;;
20105;10004;1;4;32;1;120105;3;1;1;1;20105;0;0;0;8;1000;200;1;1;通玄真人;通玄真人在场每回合开始时，提升主神3生命值上限，永久＋1攻击力。任意单位离场时，获得一张弹幕卡【阴】或弹幕卡【阳】（每回合至多发动2次）。;20105;筏井 かなえ;梨月;;
20106;10004;1;4;34;1;120106;3;1;1;1;20106;0;0;0;8;1000;200;1;1;冲虚真人;己方回合开始时，获得一张弹幕卡［无贵］（行动点消耗：0／攻击力：1／装填时间：0／攻击范围：单点／攻击时，无法解除敌方迷雾）。装填弹幕时，随机解除2格迷雾。（每回合至多发动2次）;20106;吉岡 香織;spirtie;;
20107;10004;1;8;32;1;120107;1;1;1;1;20107;0;0;0;5;10000;2000;1;1;洞灵真人;命中敌人时，该单位【清除】。被命中时，敌方攻击单位解除迷雾。自身被攻击离场时，敌方攻击单位完全离场。;20107;御手洗 かりん;RitoruG;;
20108;10004;1;4;35;1;120108;1;1;1;1;20108;0;0;0;50;10000;2000;1;1;王诩;己方回合开始时，己方卡组中所有弹幕卡永久＋1攻击力，己方手牌中所有弹幕卡永久降低1点行动点消耗。攻击时，敌方手牌中所有神迹卡永久提高1点行动点消耗（每回合至多发动1次）。;20108;関 俊彦;RitoruG;;
20109;10004;1;3;30;1;120109;1;1;1;1;20109;1;0;0;50;0;1000;0;1;仲尼;己方每回合首次使用弹幕卡时，不消耗行动点。;20109;未知;lack;;
20110;10004;1;4;36;1;120110;1;1;1;1;20110;0;0;0;50;10000;2000;1;0;嫦娥重装型;【反击】，自身失去生命值时，随机移动至迷雾区域（无迷雾时原地不动）。装填弹幕卡时，永久+1攻击力，己方随机覆盖1格迷雾（每回合至多发动3次）。;20110;佐久間 比呂美;RitoruG;;
20111;10002;1;0;40;1;120111;1;1;1;1;20111;0;0;0;50;10000;2000;1;1;霍德尔·常暗;自身永久处于迷雾（仍然会受到伤害）。命中敌方单位时，敌方所有单位永久－1攻击力，自身永久＋1攻击力（每个回合至多发动2次），己方随机覆盖2格迷雾（每个回合至多发动1次）。;20111;因幡 ゆう子;RitoruG;;1103
20112;10004;1;8;45;1;120112;1;1;1;1;20135;0;0;0;50;10000;2000;1;1;仲尼;【忍耐】3，攻击解除敌方单位迷雾时，己方所有单位获得3点生命值（每回合至多发动2次），被命中时（普通攻击／弹幕攻击）永久+2攻击力（每回合至多发动2次）;20112;待定;CraZ;;
22001;10004;2;7;25;1;;3;1;1;1;22001;1;0;0;0;999999;0;0;0;瓦尔基里;己方回合开始时，己方所有单位＋2攻击力，持续1回合。;22001;0;;;
22002;10004;2;4;20;1;;3;1;1;1;62001;1;0;0;0;999999;0;0;0;瓦尔基里;己方回合开始时，己方所有单位＋2攻击力，持续1回合。;22001;0;;;
22003;10004;2;1;5;1;;3;1;1;1;62019;1;0;0;0;999999;0;0;0;自由猴战士;回合开始时所有单位－1生命值。;20021;0;;;
22022;10004;2;2;10;1;;3;1;1;1;22222;1;0;0;0;999999;0;0;0;慌乱巨人;;22030;0;;;
22023;10004;2;2;10;1;;3;1;1;1;22222;1;0;0;0;999999;0;0;0;游荡女武神;;22001;0;;;
22024;10004;2;2;10;1;;3;1;1;1;22222;1;0;0;0;999999;0;0;0;逃亡武者;;22030;0;;;
22025;10004;2;2;10;1;;3;1;1;1;22222;1;0;0;0;999999;0;0;0;庄子·阴;;22025;0;;;
22026;10004;2;2;10;1;;3;1;1;1;22222;1;0;0;0;999999;0;0;0;庄子·阳;;22026;0;;;
22030;10004;2;1;5;1;;3;1;0;1;22030;1;0;0;0;999999;0;0;0;冰霜巨人;无法装填，同时有2个此单位存在于场上时，【合体】成为［坚冰巨人］。【突击】，攻击后离场，离场时己方主神失去2点生命值。;22030;0;;;
22031;10004;2;2;5;1;;3;1;0;1;22031;1;0;0;0;999999;0;0;0;坚冰巨人;无法装填，同时有2个此单位存在于场上时，【合体】成为［冻土巨人］。【突击】，攻击后离场，离场时己方主神失去2点生命值。;22031;0;;;
22032;10004;2;9;5;1;;3;1;1;1;22032;1;0;0;0;999999;0;0;0;冻土巨人;【突击】，攻击后离场，离场时己方主神失去2点生命值。;22032;0;;;
22034;10004;2;4;20;1;;3;1;1;1;22034;1;0;0;0;999999;0;0;0;杨戬;己方回合开始时，敌方所有单位永久－1攻击力，失去5点生命值（该技能效果每回合最多叠加2次）。;22034;0;;;
22035;10004;2;4;27;1;;3;1;1;1;62034;1;0;0;0;999999;0;0;0;杨戬;每轮开始时，敌方所有单位永久－1攻击力。;22034;0;;;
22057;10004;2;35;1;1;;3;1;1;1;22057;1;0;0;0;999999;0;0;0;遗恨;攻击后自身离场，自身离场时，召唤［因幡的白兔］（攻击力：0／生命值：6。自身每回合首次【突击】）。;22057;0;;;
22058;10004;2;4;15;1;;3;1;1;1;62057;1;0;0;0;999999;0;0;0;遗恨;自身离场时，召唤［因幡的白兔］;22057;0;;;
22059;10004;2;1;5;1;;3;1;1;1;62222;1;0;0;0;999999;0;0;0;因幡的白兔;;22067;0;;;
22067;10004;2;0;6;1;;3;1;1;1;29067;1;0;0;0;999999;0;0;0;因幡的白兔;自身每回合首次【突击】。;22067;0;;;
22068;10004;3;0;8;0;;3;0;0;0;22068;1;0;0;0;999999;0;0;0;狂热之柱;;22068;0;;;
22069;10004;3;0;8;0;;3;0;0;0;22069;1;0;0;0;999999;0;0;0;东之追迹者;;22069;0;;;
22070;10004;3;0;8;0;;3;0;0;0;22070;1;0;0;0;999999;0;0;0;南之祈愿者;;22070;0;;;
22071;10004;3;0;8;0;;3;0;0;0;22071;1;0;0;0;999999;0;0;0;北之镇护者;;22071;0;;;
22072;10004;3;0;8;0;;3;0;0;0;22072;1;0;0;0;999999;0;0;0;西之观察者;;22072;0;;;
22073;10004;3;0;10;0;;3;0;0;0;22121;1;0;0;0;999999;0;0;0;狂热之柱;;22068;0;;;
22088;10004;2;10;7;1;;3;1;1;1;22088;1;0;0;0;999999;0;0;0;尼采;;22088;0;;;
22089;10004;2;7;7;1;;3;1;1;1;22085;1;0;0;0;999999;0;0;0;尼采;;22088;0;;;
22099;10004;2;1;5;1;;3;1;1;1;22019;1;0;0;0;999999;0;0;0;自由猴战士;;22099;0;;;
22100;10003;1;6;40;1;120100;3;1;1;1;21921;0;0;0;8;1000;200;1;1;哈提;命中敌人时，敌方所有不处于迷雾的单位降低3点生命值上限，敌方所有处于迷雾的单位失去4点生命值。攻击时，自身＋1攻击力（持续1回合，每回合至多发动2次）。;22100;小野 早希;幻象黑兔;;1103
22101;10003;1;5;38;1;120101;2;1;1;1;22101;0;0;0;18;3000;600;1;1;斯库鲁;每回合首次命中敌人时，敌方所有不处于迷雾的单位失去5点生命值，敌方随机单位解除迷雾（包含已经解除迷雾的单位）。;22101;吉富 勇矢;一靖;;1103
22111;10006;1;8;40;1;122111;1;1;1;1;25111;0;0;0;50;10000;2000;1;1;塞特;任意附属神离场时，敌方主神失去18点生命值；自身命中敌方单位时，己方所有单位失去5点生命值。;22111;関 俊彦;松花;;1103
22112;10006;1;2;36;1;122112;1;1;1;1;22112;0;0;0;50;10000;2000;1;1;奈芙蒂斯;己方回合开始时，己方所有神明永久+1攻击力；己方使用神迹卡时，【净化】己方所有单位。;22112;田中 敦子;SamAshton;;1103
22113;10006;1;3;40;1;122113;2;1;1;1;22113;0;0;0;18;3000;600;1;1;伊西斯;游戏开始时获得1张神迹卡【莫非王土】；任意附属神离场时，获得1张神迹卡【莫非王土】。;22113;伊藤 あすか;沉堇;;1103
22114;10006;1;5;32;1;122114;2;1;1;1;22114;0;0;0;18;3000;600;1;1;托特;敌方使用神迹卡时，获得该神迹卡的复制，复制所得的神迹卡行动点消耗为0（每回合至多发动1次）；当己方使用神迹卡时，抽1张卡（每回合至多发动2次）。;22114;向山 直美;松花;;1103
22115;10006;1;4;35;1;122115;2;1;1;1;22115;0;0;0;18;3000;600;1;1;亚顿;任意单位离场时，己方随机覆盖1格迷雾，敌方随机解除1格迷雾，自身获得2点生命值（每回合至多发动3次）。;22115;篠原 なるみ;Adling;;1103
22116;10006;1;6;35;1;122116;2;1;1;1;22116;0;0;0;18;3000;600;1;1;阿努比斯;己方回合开始时，召唤1体【木乃伊】；自身攻击后，召唤1体【木乃伊】（每回合至多发动2次）；自身离场时，己方所有单位永久＋3攻击力。;22116;横田 彩;松花;;1103
22117;10006;1;3;45;1;122117;2;1;1;1;22117;0;0;0;18;3000;600;1;1;阿穆特;任意单位离场时，己方所有单位＋1攻击力，持续1回合（每回合至多发动4次）；自身离场时，己方所有单位永久＋3攻击力。;22117;横田 彩;松花;;1103
22901;10004;2;2;10;1;;3;1;1;1;22222;1;0;0;0;999999;0;0;0;谜之音;;22901;0;;;
22902;10004;2;2;10;1;;3;1;1;1;22222;1;0;0;0;999999;0;0;0;庄周;;22902;0;;;
23001;10007;1;5;38;1;123001;1;1;1;1;23001;0;0;0;50;10000;2000;0;1;波塞冬;己方回合开始时，获得1张【米陶诺斯】；敌方回合开始时，己方召唤1体【神秘雕像】。自身装填【米陶诺斯】时，自身+2攻击力，持续1回合（每回合至多发动2次），装填时间-3。;23001;待定;TID;;
23002;10007;1;5;30;1;123002;3;1;1;1;23002;0;0;0;8;1000;200;1;1;阿特拉斯;【坚壁】，【忍耐】3。自身失去生命值时，己方主神随机移动至迷雾区域（无迷雾时原地不动）。;23002;待定;八云玖;;
23003;10007;1;4;30;1;123003;1;1;1;1;23003;0;0;0;50;10000;2000;1;1;哈迪斯;任意单位【完全离场】时（包括祭坛），自身+3攻击力，获得5点生命值，（持续2回合，每回合至多发动1次）。自身发动【冥王之才】（每回合至多发动1次）。;23003;待定;cccct;;
23004;10007;1;3;40;1;123004;2;1;1;1;23004;0;0;0;18;3000;600;1;1;阿波罗;【黄金诗篇】。攻击命中敌方单位时，获得1-3点攻击力，移动到迷雾区域（持续1回合，每回合至多发动1次）。自身失去生命值时，自身-2攻击力（持续1回合，每回合至多发动1次）。;23004;待定;Craz;;
23005;10007;1;4;40;1;123005;2;1;1;1;23005;0;0;0;18;3000;600;1;1;赫拉;敌方回合开始时，获得1张【真实的爱】。自身被攻击时，永久+2攻击力。自身装填弹幕卡时，自身+3攻击力（持续1回合，每回合至多发动1次）。;23005;待定;勇妹－Uta;;
23006;10007;1;5;30;1;123006;1;1;1;1;23006;0;0;0;50;10000;2000;1;1;涅墨西斯;自身失去生命值时，敌方全体-3攻击力（持续1回合，每回合至多发动1次）。攻击后获得1张【恶意】（每回合至多发动1次）。离场时，召唤1体【释放的恨】。;23006;待定;spirtie;;
23007;10007;1;0;33;1;123007;3;1;1;1;23301;0;0;0;8;1000;200;1;1;赫菲斯托斯;己方回合开始时，己方另一附神获得等同于自身攻击力一半的攻击力（向下取整），持续1回合。命中敌方单位时，自身永久+2攻击力（每回合至多发动1次）。自身失去生命值时，自身永久＋2攻击力（每回合至多发动1次）。;23007;待定;cccct;;
23008;10007;1;4;45;1;123008;2;1;1;1;23302;0;0;0;18;3000;600;1;1;阿尔忒弥斯;己方回合开始时，施放【疯乱】。任意单位离场时，重置【疯乱】（每回合至多发动1次）。;23008;待定;RitoruG;;
23009;10007;1;4;35;1;123009;0;1;1;1;23303;0;0;0;50;10000;2000;0;1;普罗米修斯;己方和敌方回合开始时，获得1张【燃薪】。自身攻击时，己方手牌中的【燃薪】降低1点行动点消耗（每回合至多发动1次）。自身离场时，获得2张【火炬】。己方回合开始时，己方奥林匹斯势力的单位获得6点生命值。;23009;待定;夜ノみつき;;
23010;10007;1;3;45;1;123010;0;1;1;1;23304;0;0;0;50;10000;2000;0;1;埃庇米修斯;游戏开始时，在敌方场地随机召唤1体【灾难之盒】（攻击力：0／生命值：30，无法移动，无法攻击，无法装填，离场时双方所有附属神离场）。自身离场时，解除敌方全场迷雾，同时己方全场覆盖不可被解除的迷雾，持续1回合。;23010;待定;夜ノみつき;;
23011;10007;1;3;40;1;123011;2;1;1;1;23305;0;0;0;18;3000;600;1;1;阿瑞斯;【忍耐】3。己方回合开始时，己方全体获得等同于自身攻击力一半的生命值。自身失去生命值时，敌方全体失去等同于自身攻击力一半的生命值（每回合至多发动1次）。;23011;待定;mwwhxl;;
23012;10007;1;2;35;0;123012;1;1;1;1;23306;0;0;0;50;10000;2000;1;1;雅典娜;初始移动力-1，自身移动时，获得1张【奥德修斯之计】（每回合至多发动1次）。敌方回合开始时，手牌中的【奥德修斯之计】增加1点行动点消耗。己方回合开始时，若己方场上若存在5体【布局的木马】，则直接获得游戏胜利。;23012;待定;灰熊猫;;
23333;10004;2;0;25;0;;3;1;1;1;23333;1;0;0;0;999999;0;0;0;荒芜之柱;;23333;0;;;
23619;10001;1;1;9;1;;3;1;1;1;23619;1;0;0;0;999999;0;0;0;国津神;【坚壁】;22057;0;;;
24001;10001;1;0;45;1;124001;1;1;1;1;24001;0;0;0;50;10000;2000;1;1;须佐之男·烬;自身攻击力等于当前护盾值。攻击时，+1护盾（每回合至多发动2次）。命中敌方单位时，自身提高1点护盾上限（每回合至多发动2次）。己方回合开始时，自身护盾若为0，失去5点生命值。;24001;待定;松花;;
24002;10008;1;5;10;1;124002;1;1;0;1;24002;0;0;0;50;10000;2000;0;1;浑沌;开场时为［一之窍］:无法装填。敌方回合开始时，获得一张神迹卡【窍】（单局游戏至多发动1次）。自身离场时，召唤一体【三之窍】。【七之窍】离场后，召唤一体【浑沌】。;24002;待定;蚊香;;
24003;10008;1;4;35;1;124003;1;1;1;1;24003;0;0;0;50;10000;2000;1;1;相柳;自身装填弹幕卡时，自身+10攻击力，持续1回合（每回合最多发动1次），攻击命中敌方单位时，自身－10攻击力，持续1回合（每回合最多发动1次），使用神迹卡时，己方所有单位【治疗】2，持续3回合（每回合最多发动1次）。;24003;待定;小吃;;
24004;10008;1;8;36;1;124004;1;1;1;1;24004;0;0;0;50;10000;2000;1;1;辛计然;【忍耐】2。攻击后，从牌库抽一张弹幕卡（每回合至多发动1次），己方全体单位失去4点生命值。主神生命值低于20时，自身当前攻击力翻倍。自身装填弹幕卡时，随机解除敌方两格迷雾（每回合至多发动1次）。;24004;待定;Craz;;
24005;10008;1;7;40;1;124005;1;1;1;1;24005;0;0;0;50;10000;2000;1;1;应龙;己方主神生命值低于18时，自身永久+ 7 攻击力（每局至多发动1次），命中敌方单位时，己方主神获得圣盾，自身获得1~2攻击（持续1回合）（每回合至多发动1次）。;24005;待定;lack;;
24006;10008;1;4;35;1;124006;2;1;1;1;24006;0;0;0;18;3000;600;1;1;共工;敌方使用神迹卡时，获得一张神迹卡【逃脱之羽】（每回合至多发动1次），敌方使用弹幕卡时，己方随机覆盖2格迷雾（每回合至多发动2次），游戏开始时，获得一张神迹卡【定石】（每局至多发动1次），己方主神生命值低于20时，获得一张神迹卡【洪流】（每局至多发动1次）;24006;待定;Craz;;
24007;10008;1;2;38;1;124007;2;1;1;1;24007;0;0;0;18;3000;600;1;1;列御寇;【忍耐】2。失去生命值时，另一附属神+1攻击力，持续1回合（每回合至多发动4次）。主神生命值低于25时，另一附属神获得技能：［攻击时，恢复1点行动点，（每回合至多发动2次）］。;24007;待定;Craz;;
24008;10001;1;8;36;1;124008;1;1;1;1;24008;0;0;0;50;10000;2000;1;1;毗沙门天;己方回合开始时，敌方全体降低2点攻击力，持续2回合。自身发动攻击时，己方随机单位永久提高2点攻击力（每回合至多发动1次）。;24008;伊藤 聖将;RitoruG;;
24009;10005;1;5;48;1;124009;1;1;1;1;24009;0;0;0;50;10000;2000;0;1;鸠摩罗;攻击命中敌方单位时，己方获得1张【热血】（每回合至多发动2次，单局至多发动4次），自身与命中目标【封足】，持续1回合。自身失去生命值时，敌方随机单位【封刃】，持续1回合（每回合至多发动1次）。;24009;小泉 喬生;灰熊猫;;
24010;10003;1;4;32;1;124010;1;1;1;1;24010;0;0;0;50;10000;2000;1;1;冰之洛基;自身失去生命值时，获得一张【冰封】（每回合至多发动1次）。自身离场时，敌方所有单位【封刃】（不可被净化），持续1回合。敌方回合开始时，敌方所有被封足单位失去6点生命值并降低2点攻击力，持续1回合。;24010;待定;lack;;
24011;10003;1;12;60;1;124011;1;1;1;1;20102;0;0;0;50;10000;2000;1;1;摩克卡菲;【反击】，攻击命中后永久降低自身4点攻击力（每回合至多发动一次），自身被命中时，敌方攻击单位解除迷雾并【封足】【封刃】。;24011;叶江透;saberiii;;
24012;10008;1;4;40;1;124012;1;1;1;1;24012;0;0;0;50;10000;2000;1;1;太乙救苦天尊;游戏开始时，从牌库中抽3张弹幕卡。装填弹幕卡时，【净化】自身。己方主神生命值低于20时，获得弹幕卡【地泽尊临】（行动点消耗：1／攻击力：23／装填时间：0／攻击范围：十字／常规伤害弹幕）（单局游戏至多发动 1 次）。;24012;待定;Craz;;
24013;10004;1;0;36;1;124013;1;1;1;1;24013;0;0;0;50;10000;2000;1;1;庄周鹏之型;己方回合开始时，自身移动力+1（单局游戏至多触发4次），每移动1格，自身+3护盾，+3攻击力（持续1回合），己方回合开始时，自身护盾若为0，自身【封刃】。;24013;雨宫 天;松花;;
24014;10003;1;5;38;1;124014;1;1;1;1;24014;0;0;0;50;10000;2000;0;1;蛇魔约莫加德;装填弹幕卡时装填时间-1（每回合至多发动1次），攻击命中敌方单位时，敌方单位【诅咒】（持续1回合，诅咒效果不可被净化），自身被命中时，攻击单位【诅咒】（持续1回合，诅咒效果不可被净化）并降低3点攻击力（持续1回合）。;24014;待定;松花;;
24015;10008;1;8;38;1;124015;1;1;1;1;24015;0;0;0;50;10000;2000;1;1;庚桑楚;【反击】，受到攻击后随机移动至迷雾区域（无迷雾时原地不动）。自身离场时，敌方的全部单位永久-4攻击力。;24015;待定;茶几;;
24016;10008;1;5;45;1;124016;1;1;1;1;24016;0;0;0;50;10000;2000;0;1;烛阴;【清】4。游戏开始时，己方主神获得【浊】4;24016;待定;神代委员会;;
24017;10005;1;7;25;1;124017;1;1;1;1;20050;0;0;0;50;10000;2000;0;1;罗睺;自身离场时，敌方舍弃所有手牌，解除敌方全场迷雾。;24017;岩松 泉;lack;;
24019;10001;1;5;39;1;124019;1;1;1;1;24019;0;0;0;50;10000;2000;0;1;月读十六夜;受到攻击后随机移动至迷雾区域（无迷雾时原地不动）。己方回合开始时，己方处于迷雾的单位+6护盾。任意附属神离场时，己方全场覆盖迷雾。;24019;上坂 すみれ;RitoruG;;
24020;10008;1;5;44;1;124020;1;1;1;1;24020;0;0;0;50;10000;2000;1;1;旱魃;自身被攻击命中时，己方全体+6护盾。自身攻击命中时，获得1张神迹卡【干涸】（每回合至多发动1次）。;24020;待定;星霜;;
24021;10005;1;0;54;1;124021;0;0;0;1;24021;0;0;0;50;10000;2000;0;0;吉祥天女;无法攻击，无法装填。己方回合开始时，自身护盾若为0，己方主神+4攻击力，持续1回合。使用神迹卡时，己方全体+2护盾（每回合至多发动2次）。主神生命值低于30时，主神恢复最大生命值，舍弃所有手牌（单局游戏至多发动1次）。;24021;待定;RitoruG;;
24022;10007;1;5;42;1;124022;1;1;1;1;24022;0;0;0;50;10000;2000;0;1;堤丰;当堤丰在场，己方回合开始时，双方主神降低3点生命值上限，若自身不处于迷雾，召唤1体【刻耳柏洛斯】。被命中时（普通攻击/弹幕），召唤1体【海德拉】（每回合至多发动1次）。自身离场时召唤1体【斯芬克斯】（每场游戏至多发动1次）。己方使用神迹卡时【清除】自身。;24022;待定;火鸡;;
24023;10007;1;0;55;0;124023;0;0;1;0;24023;0;0;0;50;10000;2000;0;0;狄俄尼索斯;无法攻击。无法移动。己方回合开始时，抽1张卡，敌方随机弃1张手牌。每获得一张牌，随机解除敌方1格迷雾。(每回合至多发动2次)。使用神迹卡时，己方所有单位获得3点生命值（每回合至多发动2次）。自身离场时，敌方舍弃所有手牌。;24023;待定;火鸡;;
24024;10008;1;3;44;1;124024;1;1;1;1;24024;0;0;0;50;10000;2000;0;1;织女;己方回合开始时，己方随机覆盖1格迷雾，随机解除敌方1格迷雾。己方任意单位被命中暴露时，己方不处于迷雾的单位获得【圣盾】（每回合至多发动1次）。自身失去生命值时，随机移动至迷雾区域（无迷雾时原地不动），己方所有单位+2护盾（单局游戏至多发动3次）。;24024;待定;阿四;;
24025;10004;1;0;1;0;124025;3;0;0;0;24025;1;0;0;8;1000;200;0;1;夜之蝶;无法移动，无法攻击，无法装填。一滴也没有了…...;24025;待定;灰熊猫;;
24026;10004;1;3;50;1;124026;2;1;1;1;24026;0;0;0;18;3000;600;0;0;庄周凰之型;【反击】，【掠取】50%，自身被命中时，+1攻击力，持续一回合。;24026;待定;团子;;
24068;10006;2;8;20;1;120068;2;1;1;1;24068;1;0;0;5;3000;600;0;0;奥西里斯;离场时，敌方所有单位失去8点生命值，召唤1体［奥西里斯（重生）］（攻击力：8／生命值：20。技能与奥西里斯相同）。;20068;渡辺 翔太;松花;;
24069;10005;2;0;10;1;124002;2;1;0;1;24069;1;0;0;0;3000;600;0;0;哈努曼分灵;无法装填。每回合首次攻击【突击】，仅首次攻击时，永久增加等同于哈努曼攻击力一半的攻击力（向下取整）。命中敌方单位时，哈努曼永久+1～3攻击力，提高8点生命值上限并获得8点生命值（每回合至多触发一次），敌方回合开始时离场。;20040;;;;
24070;10008;2;7;13;1;;1;1;1;1;24070;1;0;0;0;3000;600;0;0;三之窍;敌方回合开始时，获得2张神迹卡【窍】（单局游戏至多发动1次）。自身离场时，召唤1体【七之窍】。;24070;;;;
24071;10008;2;9;18;1;;1;1;1;1;24071;1;0;0;0;3000;600;0;0;七之窍;敌方回合开始时，获得3张神迹卡【窍】（单局游戏至多发动1次）。自身离场时，召唤1体【浑沌】。;24071;;;;
24072;10008;2;15;28;1;;1;1;1;1;24072;1;0;0;0;3000;600;0;0;浑沌;己方回合开始时，获得3张神迹卡【浑沌的消亡】（单局游戏至多发动1次）。;24072;;;;
24073;10008;2;3;10;1;;1;1;1;1;24073;1;0;0;0;3000;600;0;0;苍色之物;每回合首次攻击【突击】，攻击后离场，离场时己方主神失去5点生命值。离场时敌方随机解除两格迷雾。;24073;;;;
24074;10008;2;4;15;1;;1;1;0;1;24074;1;0;0;0;3000;600;0;0;天龙;无法装填，【反击】，当自身在场时，主神无法失去或获得生命值。;24074;;;;
24375;10004;2;3;40;1;;1;1;1;1;20026;1;0;0;0;3000;600;0;0;李靖普通型;装填弹幕卡时，替换为装填［宝塔］（攻击力：5／装填时间：0／攻击范围：十字／常规伤害弹幕）。自身离场时，敌方全体【封刃】，持续1回合。;20026;;;;
24376;10004;2;3;40;1;;1;1;1;1;24376;1;0;0;0;3000;600;0;0;李靖强化型;装填弹幕卡时，替换为装填［宝塔］（攻击力：5／装填时间：0／攻击范围：十字／常规伤害弹幕）。攻击命中敌人时，敌人封刃，持续1回合。;20026;;;;
24377;10004;2;6;40;1;;1;1;1;1;24377;1;0;0;0;3000;600;0;0;李靖终极型;装填弹幕卡时，替换为装填［宝塔］（攻击力：10／装填时间：0／攻击范围：十字／常规伤害弹幕）。自身离场时，敌方全体【封刃】，持续1回合。;20026;;;;
24378;10004;2;6;35;1;;1;1;1;1;20027;1;0;0;0;3000;600;0;0;哪吒普通型;装填弹幕卡时，自身获得圣盾（每回合至多发动1次），己方处于迷雾的单位＋4护盾（每回合至多发动2次），己方不处于迷雾的单位永久+1攻击力（每回合至多发动1次）。;20027;;;;
24379;10004;2;6;35;1;;1;1;1;1;24379;1;0;0;0;3000;600;0;0;哪吒强化型;装填弹幕卡时，自身获得圣盾，己方处于迷雾的单位＋4护盾（不限制发动次数），己方不处于迷雾的单位永久+1攻击力（不限制发动次数）。;20027;;;;
24380;10004;2;10;60;1;;1;1;1;1;20027;1;0;0;0;3000;600;0;0;哪吒终极型;装填弹幕卡时，自身获得圣盾（每回合至多发动1次），己方处于迷雾的单位＋4护盾（每回合至多发动2次），己方不处于迷雾的单位永久+1攻击力（每回合至多发动1次）。;20027;;;;
24381;10004;2;2;45;1;;1;1;1;1;20022;1;0;0;0;3000;600;0;0;太乙普通型;己方回合开始时，己方所有单位装填时间－1，抽1张弹幕卡。;20022;;;;
24382;10004;2;2;45;1;;1;1;1;1;24382;1;0;0;0;3000;600;0;0;太乙强化型;己方回合开始时，抽1张弹幕卡。装填弹幕卡时，全体敌方失去4点生命值。;20022;;;;
24383;10004;2;5;45;1;;1;1;1;1;24383;1;0;0;0;3000;600;0;0;太乙终极型;装填弹幕卡时，己方所有单位装填时间－1，抽1张弹幕卡。;20022;;;;
25000;10004;1;5;10;1;;3;1;1;1;25000;1;0;0;0;3000;600;0;0;狂躁之犬;己方回合开始时，双方所有单位失去5点生命值。;20023;;;;
25001;10004;1;5;15;1;;3;1;1;1;25001;1;0;0;0;3000;600;0;0;狩猎之犬;己方回合开始时，双方所有单位失去5点生命值。;20023;;;;
25002;10004;1;5;10;1;;3;1;1;1;25002;1;0;0;0;3000;600;0;0;幸运的月兔;;22067;;;;
25003;10004;1;5;10;1;;3;1;1;1;25003;1;0;0;0;3000;600;0;0;豪运的月兔;;22067;;;;
25004;10004;1;5;20;1;;3;1;1;1;25004;1;0;0;0;3000;600;0;0;事代主;;20048;;;;
25005;10004;1;5;20;1;;3;1;1;1;25005;1;0;0;0;3000;600;0;0;建御名方;;20004;;;;
25006;10004;1;5;10;1;;3;1;1;1;25006;1;0;0;0;3000;600;0;0;嫦娥量产甲;;20025;;;;
25007;10004;1;5;10;1;;3;1;1;1;25007;1;0;0;0;3000;600;0;0;嫦娥量产乙;;20025;;;;
25008;10004;2;5;1;1;;3;1;1;1;25008;1;0;0;0;3000;600;0;0;嫦娥量产型;;20025;;;;
25009;10004;1;5;40;1;;3;1;1;1;25009;1;0;0;0;3000;600;0;0;大国主;;20007;;;;
25010;10004;1;5;40;1;;3;1;1;1;25010;1;0;0;0;3000;600;0;0;嫦娥原型机;;20025;;;;
25011;10004;1;5;1;1;;3;1;1;1;25011;1;0;0;0;3000;600;0;0;狂躁之犬;;20023;;;;
25012;10004;1;5;1;1;;3;1;1;1;25012;1;0;0;0;3000;600;0;0;狩猎之犬;;20023;;;;
25013;10004;1;6;20;1;;3;1;1;1;25013;1;0;0;0;3000;600;0;0;幸运的月兔;;22067;;;;
25014;10004;1;6;20;1;;3;1;1;1;25014;1;0;0;0;3000;600;0;0;豪运的月兔;;22067;;;;
25015;10004;1;5;20;1;;3;1;1;1;25015;1;0;0;0;3000;600;0;0;事代主;;20048;;;;
25016;10004;1;5;20;1;;3;1;1;1;25016;1;0;0;0;3000;600;0;0;建御名方;;20004;;;;
25017;10004;1;8;20;1;;3;1;1;1;25017;1;0;0;0;3000;600;0;0;嫦娥量产丙;;20025;;;;
25018;10004;1;8;20;1;;3;1;1;1;25018;1;0;0;0;3000;600;0;0;嫦娥量产丁;;20025;;;;
25019;10004;2;8;1;1;;3;1;1;1;25019;1;0;0;0;3000;600;0;0;嫦娥量产型;;20025;;;;
25020;10004;1;6;40;1;;3;1;1;1;25020;1;0;0;0;3000;600;0;0;大国主;;20007;;;;
25021;10004;1;6;40;1;;3;1;1;1;25021;1;0;0;0;3000;600;0;0;嫦娥原型机;;20025;;;;
25038;10004;2;8;20;1;;3;1;1;1;25038;1;0;0;0;9999;0;0;0;辉夜复制体;自身受到攻击时，敌方所有单位失去8点生命值。;20038;0;;;
25110;10004;1;4;32;1;120110;1;1;1;1;20110;1;0;0;50;10000;2000;1;0;嫦娥重装型;【反击】，己方回合开始时，自身永久＋1攻击力，失去生命值时，随机移动至迷雾区域（无迷雾时原地不动）。;20110;佐久間 比呂美;RitoruG;;
25111;10004;1;5;30;1;;3;1;1;1;25203;1;0;0;0;3000;600;0;0;嫦娥？;【己方回合开始时，己方所有单位永久＋1攻击力。;20038;;;;
25112;10004;1;5;40;1;;3;1;1;1;25204;1;0;0;0;3000;600;0;0;嫦娥？;【己方回合开始时，己方所有单位永久＋2攻击力。;20038;;;;
25113;10004;1;2;40;1;120110;1;1;1;1;20076;1;0;0;0;3000;600;0;0;嫦娥重装型;己方主神永久处于迷雾，当敌方使用神迹卡时，敌方所有单位失去6点生命值并【封刃】，持续1回合。任意附属神离场时，获得1张神迹卡【不朽秘法】。;20110;佐久間 比呂美;RitoruG;;
25114;10004;1;6;40;1;;3;1;1;1;25020;1;0;0;0;3000;600;0;0;嫦娥重装型;;20110;佐久間 比呂美;RitoruG;;
25115;10004;1;2;40;1;120110;3;1;1;1;25020;1;0;0;0;3000;600;0;0;测试用主神;;10001;;;;
25116;10004;2;2;8;1;120029;3;1;0;1;23619;1;0;0;0;999999;0;0;0;幻象;【坚壁】;20029;;;;
26100;10004;1;3;20;3;;3;1;1;1;26100;1;0;0;0;999999;0;0;0;土魔像;【反击】;26100;0;;;
26101;10004;1;3;20;6;;3;1;1;1;26101;1;0;0;0;999999;0;0;0;狂暴的林精;攻击后，失去3点生命值;26101;0;;;
26901;10007;2;0;20;0;126901;1;0;1;1;23507;1;0;0;0;999999;0;0;0;蛊惑的月鹿;无法攻击。敌方回合开始时，敌方随机单位【封刃】，持续1回合。己方回合开始时，己方随机单位【封刃】，持续1回合。;26901;;;;
26902;10007;2;0;30;0;126902;1;0;0;0;23307;1;0;0;0;999999;0;0;0;灾难之盒;无法移动，无法攻击，无法装填，离场时双方所有附属神离场。;26902;;;;
26903;10007;2;0;15;0;126903;1;0;1;0;23519;1;0;0;0;999999;0;0;0;布局的木马;无法移动，无法攻击。敌方回合开始时，自身+3护盾。;26903;;;;
26904;10007;1;3;9;1;126904;1;1;1;1;26904;1;0;0;0;999999;0;0;0;刻耳柏洛斯;自身每回合首次【突击】，离场时敌方全体获得1层【雷印】;26904;;;;
26905;10007;1;9;9;1;126905;1;1;1;1;26905;1;0;0;0;999999;0;0;0;海德拉;【雷鸣】，离场时敌方全体获得1层【雷印】;26905;;;;
26906;10007;1;0;99;0;126906;1;1;0;0;26906;1;0;0;0;999999;0;0;0;斯芬克斯;无法移动,无法装填。敌方装填弹幕卡时,敌方全体【清除】;26906;;;;
27001;10004;2;23;10;1;;3;1;1;1;27001;1;0;0;0;999999;0;0;0;胜利宣判者;【突击】，攻击后离场。;22001;0;;;
27100;10001;1;2;25;1;120001;1;1;1;1;60001;1;0;0;0;999999;0;0;0;须佐之男;自身＋护盾时，永久＋1攻击力（每回合至多发动3次）;20001;;;;
27101;10001;1;5;25;1;120003;3;1;1;1;60002;1;0;0;0;999999;0;0;0;建御雷;攻击时，己方所有单位＋1护盾。;20003;;;;
27102;10002;1;1;22;2;120014;2;1;1;1;60003;1;0;0;0;999999;0;0;0;弗雷;永久＋1移动力，移动时，每移动一格祈愿倒计时－1;20014;;;;
27103;10002;1;4;27;1;120012;2;1;1;1;60004;1;0;0;0;999999;0;0;0;洛基;攻击时，祈愿倒计时－1（每回合至多发动1次）。攻击时，己方随机覆盖1格迷雾，敌方随机解除1格迷雾。;20012;;;;
27104;10001;1;5;25;1;120008;3;1;1;1;60005;1;0;0;0;999999;0;0;0;大和武尊;每轮代替主神承受第一次攻击伤害（普通攻击／弹幕攻击）。自身＋护盾时，获得5点生命值;20008;;;;
27105;10001;1;3;30;1;120002;1;1;1;1;60006;1;0;0;0;999999;0;0;0;月读;另一附属神永久处于迷雾（仍然会受到伤害）。己方回合开始时，受此效果影响的单位获得【圣盾】。;20002;;;;
27106;10001;1;2;24;1;120005;3;1;1;1;60007;1;0;0;0;999999;0;0;0;思兼神;每移动1格己方所有单位＋1护盾。自身＋护盾时，己方所有单位获得2点生命值。（每回合至多发动3次。）;20005;;;;
27107;10001;1;0;30;1;120006;2;1;1;1;60008;1;0;0;0;999999;0;0;0;天手力男;己方回合开始时，攻击力变为生命值的1/5，向下取整。自身＋护盾时，获得3点生命值上限。;20006;;;;
27108;10002;1;5;30;1;120010;1;1;1;1;60009;1;0;0;0;999999;0;0;0;托尔;命中敌人时，被命中单位禁止攻击一回合。（每回合至多发动1次。）;20010;;;;
27109;10002;1;4;27;1;120017;2;1;1;1;60010;1;0;0;0;999999;0;0;0;提尔;任意附属神离场时，己方所有单位获得10点生命值，召唤1体【瓦尔基里4／20（己方回合开始时，己方所有单位＋2攻击力，持续1回合）】。;20017;;;;
27110;10002;1;3;30;1;120011;1;1;1;1;60011;1;0;0;0;999999;0;0;0;博德;己方回合开始时，不处于迷雾的敌方单位失去4点生命值。攻击解除敌方单位迷雾时，对象失去6点生命值。;20011;;;;
27111;10002;1;5;21;1;120018;3;1;1;1;60012;1;0;0;0;999999;0;0;0;霍德尔;命中敌人时，所有单位失去3点生命值;20018;;;;
27112;10003;1;5;25;1;120033;3;1;1;1;60013;1;0;0;0;999999;0;0;0;赫拉斯瓦尔;被命中时（普通攻击／弹幕攻击），敌方攻击单位解除迷雾。命中敌人时，解除十字区域迷雾;20033;;;;
27113;10003;1;3;27;1;120031;3;1;1;1;60014;1;0;0;0;999999;0;0;0;法夫尼尔;受到伤害时，自身永久＋1攻击力。自身离场后，全场在回合开始时失去2点生命值。;20031;;;;
27114;10003;1;4;21;1;120029;1;1;1;1;60015;1;0;0;0;999999;0;0;0;乌特迦洛基;受到伤害时，随机移动至迷雾区域（无迷雾时原地不动），敌方随机单位失去5点生命值。;20029;;;;
27115;10003;1;5;30;1;120032;1;1;1;1;60016;1;0;0;0;999999;0;0;0;史尔特;离场时，不处于迷雾的单位失去20点生命值，其他单位失去10点生命值。;20032;;;;
27116;10003;1;4;40;1;120037;2;1;1;1;60017;1;0;0;0;999999;0;0;0;约莫加德;己方回合开始时，所有单位失去1点生命值。自身受到伤害时，弹幕装填时间－1;20037;;;;
27117;10003;1;3;30;1;120036;2;1;1;1;60018;1;0;0;0;999999;0;0;0;芬里尔;任意附属神离场时，自身永久＋4攻击力，获得10点生命值。;20036;;;;
27118;10004;1;6;24;1;120021;1;1;1;1;60019;1;0;0;0;999999;0;0;0;孙悟空;装填弹幕卡时，召唤一体【自由猴战士1／5（回合开始时所有单位－1生命值）】。;20021;;;;
27119;10004;1;2;27;1;120022;3;1;1;1;60020;1;0;0;0;999999;0;0;0;太乙真人;己方回合开始时，若自身不处于迷雾，则我方所有单位装填时间－1。己方回合开始时，抽1张弹幕卡。;20022;;;;
27120;10004;1;4;25;1;120027;2;1;1;1;60021;1;0;0;0;999999;0;0;0;哪吒;装填弹幕卡时，己方处于迷雾的单位＋2护盾，己方不处于迷雾的单位获得【圣盾】（每个回合至多发动3次）;20027;;;;
27121;10004;1;4;27;1;120020;1;1;1;1;60022;1;0;0;0;999999;0;0;0;后羿;装填弹幕卡时，替换为装填【狩日炮】。;20020;;;;
27122;10004;1;2;24;1;120025;3;1;1;1;60023;1;0;0;0;999999;0;0;0;嫦娥;装填弹幕卡时，己方全体+2攻击力，持续1轮(每回合至多发动2次);20025;;;;
27123;10001;1;4;24;2;120004;2;1;1;1;60024;1;0;0;0;999999;0;0;0;建御名方;移动力永久+1。每移动1格，将一张【赤口】加入手牌。(每回合至多发动2次。);20004;;;;
27124;10001;1;3;21;1;120049;2;1;1;1;60025;1;0;0;0;999999;0;0;0;经津主;每次攻击前，＋2攻击力，持续1轮。;20049;;;;
27125;10001;1;0;25;1;120009;2;1;1;1;60026;1;0;0;0;999999;0;0;0;火之迦具土;自身＋护盾时，所有不处于迷雾的单位失去4点生命值;20009;;;;
27126;10001;1;5;20;1;120007;2;1;1;1;60027;1;0;0;0;999999;0;0;0;大国主;离场时，召唤【遗恨4／15】;20007;;;;
27127;10002;1;4;27;1;120013;2;1;1;1;60028;1;0;0;0;999999;0;0;0;弗丽嘉;己方回合开始时，己方不处于迷雾的单位获得3点生命值，敌方不处于迷雾的单位失去2点生命值;20013;;;;
27128;10002;1;2;24;1;120016;2;1;1;1;60029;1;0;0;0;999999;0;0;0;西芙;每抽一张卡，己方所有单位获得2点生命值;20016;;;;
27129;10002;1;2;35;1;120019;2;1;1;1;60030;1;0;0;0;999999;0;0;0;海姆达尔;每回合代替主神承受第一次攻击伤害（普通攻击／弹幕攻击）。受到伤害时，永久＋1攻击力;20019;;;;
27130;10002;1;5;27;1;120015;2;1;1;1;60031;1;0;0;0;999999;0;0;0;海拉;任意附属神【完全离场】后，此效果替换为离场附属神固有效果。;20015;;;;
27131;10004;1;3;27;1;120028;2;1;1;1;60032;1;0;0;0;999999;0;0;0;太公望;每回合首次攻击时，自身失去3点生命值，手牌中所有弹幕消耗行动值-1。;20028;;;;
27132;10004;1;4;35;1;120024;3;1;1;1;60033;1;0;0;0;999999;0;0;0;太白金星;敌方回合开始时，自身不处于迷雾，则将1张【启明星】加入手牌;20024;;;;
27133;10004;1;1;10;1;120023;2;1;1;1;60034;1;0;0;0;999999;0;0;0;哮天犬;开场时单位为哮天犬，哮天犬离场时召唤【杨戬4／27（每轮开始时，敌方所有单位永久-1攻击力）】;20023;;;;
27134;10004;1;4;25;1;120026;2;1;1;1;60035;1;0;0;0;999999;0;0;0;李靖;自身装填弹幕卡时，替换为装填【宝塔】;20026;;;;
27135;10003;1;7;40;1;120030;2;1;1;1;60036;1;0;0;0;999999;0;0;0;赫朗格尼尔;攻击时，失去7点生命值;20030;;;;
27136;10003;1;4;45;1;120034;3;1;1;1;60037;1;27137;0;0;999999;0;0;0;梅妮亚;与菲妮娅同时在场时,每轮永久+1攻击力+2生命值上限。当菲妮娅离场时,梅尼娅一同离场;20034;;;;
27137;10003;1;4;45;1;120035;3;1;1;1;60038;1;27136;0;0;999999;0;0;0;菲妮亚;与梅尼娅同时在场时,每轮永久+1攻击力+2生命值上限。当梅尼娅离场时,菲妮娅一同离场;20035;;;;
27138;10004;1;2;20;1;120051;1;1;1;1;60039;1;0;0;0;999999;0;0;0;庄周鲲之型;装填弹幕卡时，召唤1体［尼采］（攻击力：10／生命值：7。命中敌方单位时，被命中单位【封足】，持续1回合。攻击后自身离场）（单局游戏至多发动3次）。;20051;雨宫 天;松花;;
27139;10004;1;5;20;1;120053;3;1;1;1;60040;1;0;0;0;999999;0;0;0;南华整备士;装填弹幕卡时，敌方随机两格解除迷雾;20053;;;;
27140;10004;1;4;20;1;120052;3;1;1;1;60041;1;0;0;0;999999;0;0;0;南华管理者;使用神迹卡时，将1张弹幕卡【圣（剩）人】(行动点消耗：1／攻击力：0／装填时间：0／攻击范围：圆／常规伤害弹幕)加入手牌;20052;;;;
27141;10004;1;3;26;1;120043;1;1;1;1;60042;1;0;0;0;999999;0;0;0;日耀帝君;己方回合开始时，若自身不处于迷雾，则永久+1攻击力，并获5点生命值与【圣盾】。;20043;伊藤 あすか;RitoruG;;
27142;10002;1;5;36;1;120010;1;1;1;1;60043;1;0;0;0;999999;0;0;0;选手托尔;命中敌人时，敌方所有单位装填时间＋1;20010;;;;
27143;10004;1;4;27;1;120107;1;1;1;1;60044;1;0;0;0;999999;0;0;0;洞灵真人;命中敌人时，该单位【清除】;20107;御手洗 かりん;RitoruG;;
28001;10004;1;4;20;1;;3;1;0;1;28001;1;0;0;0;999999;0;0;0;冰霜巨人;无技能;22030;0;;;
28002;10004;1;4;20;1;;3;1;0;1;28005;1;0;0;0;999999;0;0;0;坚冰巨人;无技能;22031;0;;;
28003;10005;1;5;80;1;120057;2;1;1;1;20057;1;0;0;5;999999;0;0;0;多闻天;当敌方使用弹幕卡时，敌方所有单位失去3点生命值。;20057;未知;RitoruG;;
28004;10005;1;5;80;1;120064;2;1;1;1;20064;1;0;0;5;999999;0;0;0;犍尼萨;无法攻击，己方回合开始时，敌方所有单位失去3点生命值。;20064;未知;wlop;;
28048;10001;1;4;27;2;120048;2;1;1;1;28048;1;0;0;18;3000;600;1;1;事代主;初始移动力＋1，己方回合开始时，获得1张神迹卡［启明星］（驱散迷雾）。;20048;叶江 透;sroin66;;
28101;10006;1;4;27;1;120070;1;1;1;1;28101;1;0;0;50;999999;0;0;0;荷鲁斯;任意单位离场时，敌方所有单位失去10点生命值。;20070;未知;松花;;
28102;10006;1;4;30;1;120072;3;1;1;1;28102;1;0;0;5;999999;0;0;0;塞赫迈特;每获得一张卡时，召唤1体沙暴之灵。;20072;未知;avamone;;
28103;10005;1;4;30;1;120055;2;1;1;1;20055;1;0;0;5;999999;0;0;0;持国天;【坚壁】，【反击】。;20055;未知;RitoruG;;
28104;10005;1;4;30;1;120056;2;1;1;1;20056;1;0;0;5;999999;0;0;0;广目天;当敌方使用神迹卡时，己方所有单位永久＋1攻击力。;20056;未知;一靖;;
28204;10001;1;4;24;2;120004;2;1;1;1;28204;1;0;0;18;3000;600;1;1;建御名方;初始移动力＋1，每移动1格，获得1张弹幕卡［赤口］（行动点消耗：0／攻击力：8／装填时间：0／攻击范围：十字／常规伤害弹幕）（每回合至多发动2次）。;20004;森田 さつき;松花;;
28803;10006;1;3;3;3;;3;1;1;1;26101;1;0;0;0;999999;0;0;0;沙暴之灵;攻击后，失去3点生命值;26100;0;;;
29000;10006;2;2;1;1;;3;1;0;1;29000;1;0;0;0;999999;0;0;0;木乃伊;【突击】，攻击后离场。;29000;0;;;
29002;10002;1;3;23;1;;2;1;1;1;29002;1;0;0;0;999999;0;0;0;选手洛基;被命中时（普通攻击／弹幕攻击），己方所有失去6点生命值。;20012;ひなた　たまり;;;
29003;10002;1;2;24;1;;2;1;1;1;20016;1;0;0;0;999999;0;0;0;选手西芙;每获得一张卡时，己方所有单位获得5点生命值。;20016;ひなた　たまり;;;
29005;10003;1;3;40;1;;1;1;1;1;20037;1;0;0;0;999999;0;0;0;缠卷之蛇;己方回合开始时，所有单位失去1点生命值。己方主神生命值低于21／14／7时，自身攻击力对应＋1／＋3／＋5。;20037;0;;;
29006;10003;1;1;40;1;;1;1;1;1;29006;1;0;0;0;999999;0;0;0;护卫之犬;己方回合开始时，自身永久＋1攻击力。;20036;0;;;
29008;10001;1;0;35;1;;1;1;1;1;29008;1;0;0;0;999999;0;0;0;天手力男;己方回合开始时，己方所有单位＋3护盾。;20006;倉本 恵理;;;
29009;10001;1;2;20;2;;1;1;1;1;29009;1;0;0;0;999999;0;0;0;思兼神;自身＋护盾时，己方所有单位获得2点生命值。;20005;篠原 なるみ;;;
29011;10004;1;0;11;1;;1;1;1;1;29213;1;0;0;0;999999;0;0;0;试验体申;离场时，所有单位失去5点生命值，召唤2体［裂变神灵］。;20021;0;;;
29012;10004;1;0;11;1;;1;1;1;1;29213;1;0;0;0;999999;0;0;0;试验体玖号;离场时，所有单位失去5点生命值，召唤2体［裂变神灵］。;20021;0;;;
29014;10004;1;0;20;1;;1;1;1;1;29014;1;0;0;0;999999;0;0;0;阴一型;离场时，己方所有单位失去15点生命值。;20022;0;;;
29015;10004;1;0;20;1;;1;1;1;1;29015;1;0;0;0;999999;0;0;0;阳乙型;离场时，己方所有单位失去15点生命值。;20022;0;;;
29034;10004;2;4;20;1;;3;1;1;1;22034;1;0;0;0;999999;0;0;0;杨戬;己方回合开始时，敌方所有单位永久－1攻击力，失去5点生命值。;22034;0;;;
29111;10004;3;0;8;0;;3;0;0;0;29111;1;0;0;0;999999;0;0;0;咸鱼观察者;;29111;0;;;
29202;10002;1;5;30;1;;2;1;1;1;20004;1;0;0;0;999999;0;0;0;选手洛基;被命中时，己方所有单位失去6点生命值。;20012;ひなた　たまり;;;
29203;10002;1;5;30;1;;2;1;1;1;20016;1;0;0;0;999999;0;0;0;选手西芙;每获得一张卡时，己方所有单位获得5点生命值。;20016;ひなた　たまり;;;
29205;10003;1;4;45;1;;1;1;1;1;20037;1;0;0;0;999999;0;0;0;缠卷之蛇;己方回合开始时，自身永久＋1攻击力。;20037;0;;;
29206;10003;1;4;45;1;;1;1;1;1;29006;1;0;0;0;999999;0;0;0;护卫之犬;己方回合开始时，双方所有单位失去1点生命值。自身失去生命值时，装填时间－1。;20036;0;;;
29208;10001;1;4;50;1;;1;1;1;1;29008;1;0;0;0;999999;0;0;0;天手力男;回合开始时，己方所有单位＋3护盾。;20006;倉本 恵理;;;
29209;10001;1;4;50;1;;1;1;1;1;29009;1;0;0;0;999999;0;0;0;思兼神;自身＋护盾时，己方所有单位＋2点生命值。;20005;篠原 なるみ;;;
29211;10004;1;6;11;1;;1;1;1;1;29213;1;0;0;0;999999;0;0;0;试验体申;离场时，所有单位失去20点生命值。;20021;0;;;
29212;10004;1;6;11;1;;1;1;1;1;29213;1;0;0;0;999999;0;0;0;试验体玖号;离场时，所有单位失去20点生命值。;20021;0;;;
29214;10004;1;9;30;1;;1;1;1;1;29014;1;0;0;0;999999;0;0;0;阴一型;离场时，己方所有单位失去15点生命值。;20022;0;;;
29215;10004;1;9;30;1;;1;1;1;1;29015;1;0;0;0;999999;0;0;0;阳乙型;离场时，己方所有单位失去15点生命值。;20022;0;;;
29801;10001;1;4;40;1;126100;1;1;1;1;28801;1;0;0;0;999999;0;0;0;地灵;【坚壁】，【忍耐】3。失去生命值时，己方主神永久+5攻击力，己方全体获得【圣盾】（每回合至多发动1次）。;26100;;;;
29802;10001;1;7;45;1;120023;1;1;1;1;28802;1;0;0;0;999999;0;0;0;野兽灵;【忍耐】3，失去生命值时，己方主神永久+2攻击力，敌方随机单位永久-2攻击力。;20023;;;;
29803;10001;1;5;35;1;120004;1;1;1;1;28803;1;0;0;0;999999;0;0;0;建御名方;己方祈愿倒计时永久-2。己方回合开始时，己方另一附属神失去4点生命值，己方主神提高5点生命值上限并获得5点生命值。;20004;;;;
29804;10001;2;0;7;1;126100;1;0;1;0;28804;1;0;0;0;999999;0;0;0;地灵Ⅱ型;无法攻击，无法移动。敌方回合开始时，敌方随机解除5格迷雾，己方随机覆盖5格迷雾。离场时，己方主神获得5点生命值，永久+2攻击力。;26100;;;;
29805;10001;1;4;60;1;120089;1;1;1;1;28805;1;0;0;0;999999;0;0;0;天探女;己方回合开始时，所有单位失去5点生命值。任意单位离场时，己方全体提高5点生命值上限并获得5点生命值。;20089;;;;
29806;10001;1;6;60;1;120087;1;1;1;1;28806;1;0;0;0;999999;0;0;0;少彦名;攻击时，己方主神+6护盾，所有单位失去6点生命值。;20087;;;;
29807;10001;1;5;30;1;129959;1;0;1;1;28807;1;0;0;0;999999;0;0;0;草木灵Ⅱ型;无法攻击。失去生命值时，敌方随机单位失去等同于自身攻击力的生命值。;29959;;;;
29808;10001;2;3;10;1;122057;1;1;1;1;28808;1;0;0;0;999999;0;0;0;国津神;【坚壁】。己方回合开始时，[大国主]本回合+2攻击力，获得5点生命值。己方附属神永久+1攻击力。;22057;;;;
29809;10007;1;4;48;1;123004;1;1;1;1;28809;1;0;0;0;999999;0;0;0;阿波罗;己方回合开始时，抽1张卡，敌方随机弃1张手牌。每抽1张卡，召唤1体【虚像】。;23004;;;;
29810;10007;2;2;8;1;123004;1;1;1;1;28810;1;0;0;0;999999;0;0;0;虚像;己方回合开始时，己方奥林匹斯势力单位获得【圣盾】，提高5点生命值上限并获得5点生命值。;23004;;;;
29811;10007;1;6;43;1;123005;1;1;1;1;28811;1;0;0;0;999999;0;0;0;赫拉;每当手牌数发生变化时，攻击力等于手牌数。命中单位时，敌方所有单位【清除】，所有单位失去8点生命值。;23005;;;;
29812;10007;1;5;50;1;123004;1;1;1;1;28812;1;0;0;0;999999;0;0;0;阿波罗;己方回合开始时，抽2张卡，敌方随机弃2张手牌。每抽1张卡，召唤1体【虚像】。;23004;;;;
29813;10007;1;7;45;1;123005;1;1;1;1;28811;1;0;0;0;999999;0;0;0;赫拉;每当手牌数发生变化时，攻击力等于手牌数。命中单位时，敌方所有单位【清除】，所有单位失去8点生命值。;23005;;;;
29814;10005;1;3;10;1;126100;1;1;1;1;28813;1;0;0;0;999999;0;0;0;土精;己方回合开始时，己方主神提高5点生命值上限并获得5点生命值。;26100;;;;
29815;10005;1;3;10;1;126100;1;1;1;1;28813;1;0;0;0;999999;0;0;0;土精;己方回合开始时，己方主神提高5点生命值上限并获得5点生命值。;26100;;;;
29816;10005;2;3;10;1;126100;1;1;1;1;28813;1;0;0;0;999999;0;0;0;土精;己方回合开始时，己方主神提高5点生命值上限并获得5点生命值。;26100;;;;
29817;10005;1;4;20;1;126100;1;1;1;1;28814;1;0;0;0;999999;0;0;0;土精;己方回合开始时，敌方随机单位-5攻击力，持续1回合。;26100;;;;
29818;10005;1;4;20;1;126100;1;1;1;1;28814;1;0;0;0;999999;0;0;0;土精;己方回合开始时，敌方随机单位-5攻击力，持续1回合。;26100;;;;
29819;10005;2;3;10;1;120021;1;1;1;1;28815;1;0;0;0;999999;0;0;0;基因克隆体;回合中，若自身在场，则己方主神不受到伤害，己方回合开始时，自身失去50点生命值，自身离场时，随机解除敌方1格迷雾。;20021;;;;
29820;10005;1;5;30;1;120021;1;1;1;1;28816;1;0;0;0;999999;0;0;0;分身;任意附属神离场时，敌方主神失去15点生命值。;20021;;;;
29821;10005;1;5;30;1;120021;1;1;1;1;28816;1;0;0;0;999999;0;0;0;分身;任意附属神离场时，敌方主神失去15点生命值。;20021;;;;
29822;10005;2;3;10;1;120021;1;1;1;1;28820;1;0;0;0;999999;0;0;0;基因克隆体;回合中，若自身在场，则己方主神不受到伤害，己方回合开始时，自身失去50点生命值，自身离场时，随机解除敌方1格迷雾。;20021;;;;
29823;10005;1;5;50;1;120021;1;1;1;1;28817;1;0;0;0;999999;0;0;0;孙悟空;敌方回合开始，召唤3体【基因克隆体】，任意单位离场，永久＋1攻击。;20021;;;;
29824;10005;1;4;30;1;126100;1;1;1;1;28814;1;0;0;0;999999;0;0;0;迷茫的援兵;己方回合开始时，敌方随机单位-5攻击力，持续1回合。;26100;;;;
29825;10005;2;3;10;1;120021;1;1;1;1;28821;1;0;0;0;999999;0;0;0;基因克隆体;回合中，若自身在场，则己方主神不受到伤害，己方回合开始时，自身失去50点生命值，自身离场时，随机解除敌方1格迷雾。;20021;;;;
29826;10005;1;5;40;1;120040;1;1;1;1;28931;1;0;0;0;999999;0;0;0;哈努曼;己方任意单位被命中暴露时，清除敌方全体单位，任意单位离场，随机对敌方单体失去10点生命值。;20040;;;;
29827;10005;1;5;40;1;120021;1;1;1;1;28818;1;0;0;0;999999;0;0;0;孙悟空;敌方回合开始，召唤3体【基因克隆体】，任意单位离场，永久＋1攻击。自身离场时，召唤1体【毛】。;20021;;;;
29828;10005;2;3;10;1;120046;1;1;1;1;28822;1;0;0;0;999999;0;0;0;基因克隆体;回合中，若自身在场，则己方主神不受到伤害，己方回合开始时，自身失去50点生命值，自身离场时，随机解除敌方1格迷雾。;20021;;;;
29829;10005;2;15;60;1;120021;1;1;1;1;28819;1;0;0;0;999999;0;0;0;毛;【突击】，【忍耐】5。;20021;;;;
29830;10005;2;3;10;1;120021;1;1;1;1;28823;1;0;0;0;999999;0;0;0;基因克隆体;回合中，若自身在场，则己方主神不受到伤害，己方回合开始时，自身失去50点生命值，自身离场时，随机解除敌方1格迷雾。;20021;;;;
29831;10005;2;3;10;1;120040;1;1;1;1;28824;1;0;0;0;999999;0;0;0;基因克隆体;回合中，若自身在场，则己方主神不受到伤害，己方回合开始时，自身失去50点生命值，自身离场时，随机解除敌方1格迷雾。;20040;;;;
29832;10005;2;3;10;1;120040;1;1;1;1;28825;1;0;0;0;999999;0;0;0;基因克隆体;回合中，若自身在场，则己方主神不受到伤害，己方回合开始时，自身失去50点生命值，自身离场时，随机解除敌方1格迷雾。;20040;;;;
29833;10005;2;3;10;1;120040;1;1;1;1;28826;1;0;0;0;999999;0;0;0;基因克隆体;回合中，若自身在场，则己方主神不受到伤害，己方回合开始时，自身失去50点生命值，自身离场时，随机解除敌方1格迷雾。;20040;;;;
29834;10005;2;3;10;1;120046;1;1;1;1;28827;1;0;0;0;999999;0;0;0;基因克隆体;回合中，若自身在场，则己方主神不受到伤害，己方回合开始时，自身失去50点生命值，自身离场时，随机解除敌方1格迷雾。;20046;;;;
29835;10005;2;3;10;1;120046;1;1;1;1;28828;1;0;0;0;999999;0;0;0;基因克隆体;回合中，若自身在场，则己方主神不受到伤害，己方回合开始时，自身失去50点生命值，自身离场时，随机解除敌方1格迷雾。;20046;;;;
29836;10005;2;3;10;1;120046;1;1;1;1;28829;1;0;0;0;999999;0;0;0;基因克隆体;回合中，若自身在场，则己方主神不受到伤害，己方回合开始时，自身失去50点生命值，自身离场时，随机解除敌方1格迷雾。;20046;;;;
29838;10004;1;3;25;1;124013;1;1;1;1;29848;1;0;0;0;999999;0;0;0;劣质的召唤物;主神生命值低于50时，自身+10攻击力;24013;;;;
29839;10004;1;3;25;1;124013;1;1;1;1;29849;1;0;0;0;999999;0;0;0;劣质的召唤物;主神生命值低于50时，自身+10攻击力;24013;;;;
29840;10008;1;5;40;1;124007;1;1;1;1;29850;1;0;0;0;999999;0;0;0;列御寇;【忍耐】4，受到伤害时己方全体攻击+1;24007;;;;
29841;10004;1;9;35;1;120022;1;1;1;1;29851;1;0;0;0;999999;0;0;0;太乙真人的幻影;攻击后，恢复一点行动点;20022;;;;
29842;10008;1;3;15;1;;1;1;1;1;29852;1;0;0;0;999999;0;0;0;天龙;回合开始己方每存在1体天龙，对敌方一个随机单位造成5点伤害，离场时主神获得5点生命值;24074;;;;
29843;10008;1;3;15;1;;1;1;1;1;29853;1;0;0;0;999999;0;0;0;天龙;回合开始己方每存在1体天龙，对敌方一个随机单位造成5点伤害，离场时主神获得5点生命值;24074;;;;
29844;10008;2;3;15;1;;1;1;1;1;29854;1;0;0;0;999999;0;0;0;天龙;回合开始己方每存在1体天龙，对敌方一个随机单位造成5点伤害，离场时主神获得5点生命值;24074;;;;
29845;10008;1;7;45;1;;1;1;1;1;29855;1;0;0;0;999999;0;0;0;浑沌;受到伤害时召唤1体天龙，回合开始时每存在1体天龙，自身攻击力+1，生命值上限+2，生命值+2;24072;;;;
29846;10008;1;3;15;1;;1;1;1;1;29856;1;0;0;0;999999;0;0;0;天龙;回合开始己方每存在1体天龙，对敌方一个随机单位造成5点伤害，离场时主神获得5点生命值，随机解除敌方1格迷雾。;24074;;;;
29847;10008;2;3;15;1;;1;1;1;1;29857;1;0;0;0;999999;0;0;0;天龙;回合开始己方每存在1体天龙，对敌方一个随机单位造成5点伤害，离场时主神获得5点生命值，随机解除敌方1格迷雾。;24074;;;;
29848;10001;1;5;35;1;120086;1;1;1;1;29858;1;0;0;0;999999;0;0;0;水蛭子;游戏开始对方手牌消耗+1，使用神迹卡对方全体失去10生命值;20086;;;;
29849;10001;1;8;40;1;124008;1;1;1;1;29859;1;0;0;0;999999;0;0;0;毗沙门天;回合开始敌方所有附属神攻击-10，持续1回合，不可净化;24008;;;;
29911;10006;1;2;50;1;120072;2;1;1;1;21951;1;0;0;0;0;0;0;0;塞赫迈特;回合开始时，召唤1体【木乃伊】。任意单位离场时，获得1张随机【秘术】卡。;20072;綾宮 由希子;avamone;;
29912;10006;1;2;50;1;120080;2;1;1;1;21950;1;0;0;0;0;0;0;0;索贝克;【坚壁】，【反击】，自身失去生命值时，获得1张随机【秘术】卡。;20080;本宫 加奈;spirtie;;
29913;10004;1;3;27;1;120105;3;1;1;1;29913;1;0;0;5;999999;0;0;0;通玄真人;己方回合开始时，己方所有单位获得【圣盾】;20105;未知;梨月;;
29914;10004;1;3;27;1;120106;3;1;1;1;29914;1;0;0;5;999999;0;0;0;冲虚真人;己方回合开始时，己方所有单位永久＋1攻击力;20106;未知;spirtie;;
29915;10004;1;8;20;1;120068;2;1;1;1;20068;1;0;0;0;0;0;0;0;奥西里斯;离场时，敌方所有单位失去8点生命值，召唤1体［奥西里斯（重生）］（攻击力：8／生命值：16。技能与奥西里斯相同）。;20068;渡辺 翔太;松花;;
29916;10006;1;5;40;1;122114;2;1;1;1;21956;1;0;0;0;0;0;0;0;托特;【坚壁】，自身失去生命值时，己方主神提高8点生命值上限并获得8点生命值，另一附属神失去8点生命值。;22114;;松花;;
29917;10004;1;5;20;1;110006;1;1;1;1;21959;1;0;0;0;0;0;0;0;拉·分灵;【坚壁】，自身离场时，己方主神提高10点生命值上限并获得10点生命值，召唤1体【拉·分灵】。;10006;福原 綾香;黄泉洞;;
29918;10007;2;0;7;-99;123001;1;0;0;0;23203;1;0;0;0;0;0;0;0;神秘雕像;无法攻击，【固定】。自身失去生命值时，本局内的【米陶诺斯】永久+1攻击力(无视获得状态，每回合至多发动1次)。;23001;;;;
29919;10007;2;0;1;-99;123006;1;0;0;0;23216;1;0;0;0;0;0;0;0;释放的恨;无法攻击，【永生】，【固定】。己方回合开始时，己方全体获得【圣盾】，敌方全体-5攻击力（持续1回合）。;23006;;;;
29920;10001;2;0;1;1;120087;1;1;1;1;20295;1;0;0;0;0;0;0;0;和魂;【坚壁】，【永生】。;20087;;;;
29923;10004;1;3;30;1;;3;1;1;1;21939;1;0;0;0;0;0;0;0;女武神;【坚壁】；任意单位离场时，自身获得10点生命值，＋10护盾；己方主神永久+1攻击力。;22001;0;;;
29925;10004;1;5;40;1;120106;3;1;1;1;21944;1;0;0;0;0;0;0;0;冲虚真人;自身＋护盾时，永久＋1攻击力。;20106;吉岡 香織;spirtie;;
29926;10004;1;5;40;1;120107;1;1;1;1;21945;1;0;0;0;0;0;0;0;洞灵真人;自身＋护盾时，敌方所有单位失去3点生命值。;20107;御手洗 かりん;RitoruG;;
29928;10001;1;0;40;1;120048;2;1;1;1;21948;1;0;0;0;0;0;0;0;事代主;【坚壁】，【反击】，回合开始时获得10点生命值。;20048;叶江 透;6音;;
29929;10001;1;5;35;2;120004;2;1;1;1;21949;1;0;0;0;0;0;0;0;建御名方;任意单位离场时，敌方主神失去15点生命值。;20004;森田 さつき;松花;;
29951;10004;1;2;5;1;;3;1;1;1;22222;1;0;0;0;999999;0;0;0;迷失女武神;无技能;22001;0;;;
29952;10004;1;2;5;1;;3;1;1;1;22222;1;0;0;0;999999;0;0;0;受伤的巨人;无技能;22030;0;;;
29953;10004;1;3;5;1;;3;1;1;1;22222;1;0;0;0;999999;0;0;0;消沉的巨人;无技能;22030;0;;;
29954;10004;1;3;5;1;;3;1;1;1;22222;1;0;0;0;999999;0;0;0;受伤的巨人;无技能;22030;0;;;
29955;10004;1;3;20;1;;3;1;1;1;29955;1;0;0;0;999999;0;0;0;魔王军军师;自身＋护盾时，随机解除敌方2格迷雾。;20029;0;;;
29956;10004;1;3;20;1;;3;1;1;1;29956;1;0;0;0;999999;0;0;0;魔突袭队员;攻击后，己方所有单位＋1护盾。;20030;0;;;
29957;10003;2;3;3;1;120044;1;0;0;0;29917;1;0;0;0;999999;0;0;0;【洛基之血】;攻击力：3／生命值：3。无法攻击，【坚壁】。己方回合开始时，己方主神失去2点生命值。自身离场时，敌方主神失去3点生命值。;20044;天野 未来;RitoruG;;1116
29958;10002;2;4;16;1;120091;1;1;0;1;20134;1;0;0;0;999999;0;0;0;夏之魂灵;【消逝之夏】。;20091;御子神 考次;松花;;
29959;10002;2;1;10;1;129959;1;1;0;1;29959;1;0;0;0;999999;0;0;0;林精;无法装填，攻击消耗1点行动点，攻击后离场。离场时，敌方随机解除2格迷雾。己方回合开始时，自身永久+1攻击力。;29959;;;;
29960;10006;1;7;50;1;120078;2;1;1;1;29807;1;0;0;0;999999;0;0;0;凯布利;失去生命值时，敌方所有单位【封刃】，持续1回合。回合开始时，己方另一附属神失去5点生命值。;20078;;;;
29961;10002;1;4;25;1;120012;2;1;1;1;29808;1;0;0;0;999999;0;0;0;洛基;离场时，所有单位【清除】，敌方主神失去99点生命值，召唤1体【崩塌之义】。;20012;;;;
29962;10002;2;4;10;1;120012;2;1;1;1;29808;1;0;0;0;999999;0;0;0;崩塌之义;离场时，所有单位【清除】，敌方主神失去99点生命值，召唤1体【崩塌之义】。;20012;;;;
29963;10006;1;5;40;1;129000;2;1;1;1;29810;1;0;0;0;999999;0;0;0;外族援军;攻击与命中敌方单位时,敌方随机单位失去8点生命值，永久-1攻击力，我方另一附神失去5点生命值。;29000;;;;
29964;10003;1;2;5;1;122031;2;1;1;1;29811;1;0;0;0;999999;0;0;0;巨人士兵;离场时，敌方随机单位失去7点生命值，【完全复活】，己方全体获得【圣盾】。;22031;;;;
29965;10002;1;3;60;1;120093;2;1;1;1;29812;1;0;0;0;999999;0;0;0;古尔薇格;敌方装填弹幕卡时，敌方所有单位获得【封刃】，持续1回合。敌方攻击时，敌方所有单位【封足】，持续1回合。;20093;;;;
29966;10002;1;3;60;1;120094;2;1;1;1;29802;1;0;0;0;999999;0;0;0;史基尼尔;回合开始与失去生命值时，己方所有单位永久+2攻击力。;20094;;;;
29967;10003;1;3;50;1;120032;2;1;1;1;29814;1;0;0;0;999999;0;0;0;史尔特;回合开始时，自身失去2点生命值，己方全体获得【圣盾】，敌方全体-2攻击力，持续1回合。;20032;;;;
29968;10002;1;2;60;1;120093;2;1;1;1;29815;1;0;0;0;999999;0;0;0;古尔薇格;敌方【祈愿】时间永久-2。回合开始时，敌方获得3张【灾祸】。;20093;;;;
29969;10006;1;8;22;1;120068;2;1;1;1;29816;1;0;0;0;999999;0;0;0;奥西里斯;任意单位离场时，敌方所有单位失去9点生命值，召唤1体【奥西里斯(净化之火)】。;20068;;;;
29970;10006;1;8;16;1;120068;2;1;1;1;29816;1;0;0;0;999999;0;0;0;奥西里斯(净化之火);任意单位离场时，敌方所有单位失去9点生命值，召唤1体【奥西里斯(净化之火)】。;20068;;;;
29971;10002;1;6;46;1;120091;2;1;1;1;29818;1;0;0;0;999999;0;0;0;尼约德;敌方使用弹幕卡时，己方全体获得【圣盾】。敌方使用神迹卡时，敌方主神失去12点生命值。敌方回合开始时，己方主神获得8点生命值和永久+2攻击力。;20091;;;;
29972;10006;1;6;20;1;120068;2;1;1;1;29819;1;0;0;0;999999;0;0;0;奥西里斯;回合开始时，己方覆盖4格迷雾，敌方解除4格迷雾。离场时，敌方随机附属神失去26点生命值。;20068;;;;
29973;10002;1;5;52;1;120061;2;1;1;1;29820;1;0;0;0;999999;0;0;0;尼约德;回合开始时，所有处于迷雾中的己方单位获得【圣盾】和8点护盾。任意附属神离场时,敌方主神失去22点生命值。;20061;;;;
29974;10004;1;6;40;1;120022;1;1;1;1;25022;1;0;0;0;999999;0;0;0;阴;己方回合开始时，己方全体获得【圣盾】。攻击时，自身永久+1攻击力。;20022;;;;
29975;10004;1;5;40;1;120022;1;1;1;1;25023;1;0;0;0;999999;0;0;0;阳;己方回合开始时，己方全体永久+1攻击力，+5护盾。;20022;;;;
29976;10004;1;8;45;1;120045;1;1;1;1;25024;1;0;0;0;999999;0;0;0;哪吒原初型;【坚壁】，【反击】。失去生命值时，敌方随机单位【封刃】（持续1回合）。若主神生命值低于30时，己方全体+5攻击力。;20045;;;;
29977;10004;1;5;40;1;120022;1;1;1;1;25025;1;0;0;0;999999;0;0;0;阳;己方回合开始时，己方全体永久+1攻击力，+5护盾。若主神生命值低于15时，覆盖己方全场迷雾。;20022;;;;
29978;10004;1;3;58;1;126100;1;1;1;1;25026;1;0;0;0;999999;0;0;0;土魔像甲;自身失去生命值时，己方全体获得【圣盾】，+3护盾。攻击时，自身+1攻击力。自身离场时，己方主神提升15点生命值上限，并获得15点生命值，召唤1体［土魔像甲］（攻击力：3／生命值：38，技能与土魔像甲相同）。;26100;;;;
29979;10004;2;3;38;1;126100;1;1;1;1;25026;1;0;0;0;999999;0;0;0;土魔像甲（重生）;自身失去生命值时，己方全体获得【圣盾】，+3护盾。攻击时，自身+1攻击力。自身离场时，己方主神提升15点生命值上限，并获得15点生命值，召唤1体［土魔像甲］（攻击力：3／生命值：38，技能与土魔像甲相同）。;26100;;;;
29980;10004;1;1;58;1;126100;1;1;1;1;25027;1;0;0;0;999999;0;0;0;土魔像乙;己方回合开始时，双方全体单位失去5点生命值，降低5点生命值上限。自身离场时，己方主神提升15点生命值上限，并获得15点生命值，召唤1体［土魔像乙（重生）］（攻击力：1／生命值：38，技能与土魔像乙相同）。;26100;;;;
29981;10004;2;1;38;1;126100;1;1;1;1;25027;1;0;0;0;999999;0;0;0;土魔像乙（重生）;己方回合开始时，双方全体单位失去5点生命值，降低5点生命值上限。自身离场时，己方主神提升15点生命值上限，并获得15点生命值，召唤1体［土魔像乙（重生）］（攻击力：1／生命值：38，技能与土魔像乙相同）。;26100;;;;
29982;10005;1;3;45;1;120057;1;1;1;1;25028;1;0;0;0;999999;0;0;0;多闻天;敌方使用弹幕卡时，敌方随机一个单位【封足】（持续1回合）。攻击时，己方另一附属神+2攻击力，持续1回合（每回合至多发动1次）。命中敌方单位时，被命中单位额外再受到一次攻击伤害。;20057;;;;
29983;10005;1;4;45;1;120056;1;1;1;1;25029;1;0;0;0;999999;0;0;0;广目天;敌方使用神迹卡时，敌方随机一个单位【封刃】（持续1回合）。攻击时，敌方所有单位【清除】，己方另一附属神+2攻击力，持续1回合（每回合至多发动1次），敌方随机两个单位失去3点生命值。命中敌方单位时，解除十字区域迷雾。;20056;;;;
29984;10004;2;0;18;0;120027;1;1;1;1;25030;1;0;0;0;999999;0;0;0;哪吒量产型;敌方回合开始时，己方所有神明恢复1点生命值，提高1点生命值上限，自身失去2点生命值。;20027;;;;
29985;10004;1;4;45;1;120045;1;1;1;1;25031;1;0;0;0;999999;0;0;0;哪吒原初型;【反击】。失去生命值时，自身获得【圣盾】。攻击时，己方所有单位+1攻击力，敌方随机解除1格迷雾。任意单位场时，己方所有神明获得8点生命值。;20045;;;;
29986;10004;1;3;45;1;120026;1;1;1;1;25032;1;0;0;0;999999;0;0;0;李靖;【反击】。失去生命值时，自身获得【圣盾】。另一附属神获得等同于自身攻击力一半的攻击力（每回合至多发动1次）。任意附属神离场时，敌方主神失去25点生命值。;20026;;;;
20200;10005;1;10;40;1;120058;1;1;1;1;20200;0;0;0;50;10000;2000;1;1;尼拉坎陀;攻击后，双方随机舍弃1张手牌（每回合至多发动2次）。;20058;関 俊彦;RitoruG;;1104