故事ID;故事组;故事播放序号;故事文案;故事图片;对话头像;对话人;是否处于调试中
10010001;100101;1;其之一，某有奖竞技节目的中途录影;10010000;22901;谜之音;0
10010002;100101;2;出现了！本节目开播以来第一位通过“心惊肉跳——超高卡路里速食竞赛”的选手——来自阿斯嘉德的洛基！！！;10010001;20015;乌特迦洛基;0
10010003;100101;3;终于！我们的智慧挑战也要突入最终环节了！;10010002;20015;乌特迦洛基;0
10010004;100101;4;让我们来问问参赛者此时有何感想！;10010002;20015;乌特迦洛基;0
10010005;100101;5;哈啊？快把说好的奖品交出来！;10010003;20009;托尔;0
10010006;100101;6;呕……;10010004;20004;洛基;0
10010007;100101;7;诶诶诶？！我，我会加油！;10010005;20029;西芙;0
10010008;100101;8;各位参赛者已经跃跃欲试了呢！那么立刻来公布挑战的内容吧！;10010006;20015;乌特迦洛基;0
10010009;100101;9;接下来三位参赛者，将要在进行100公里竞速跑之后立刻托举号称全世界最重的猫咪！;10010007;20015;乌特迦洛基;0
10010010;100101;10;鬼才做得到啦——呕呕呕……;10010008;20004;洛基;0
10010011;100101;11;啊啦！意外的情况出现了！洛基选手发出了弃权宣言！;10010009;20015;乌特迦洛基;0
10010012;100101;12;Ｌｅｔ＇ｓ　惩罚游戏！;10010010;20015;乌特迦洛基;0
10010013;100101;13;啧！结果还是变成这样吗？正好！在这里击溃你们将“智慧”带回去！;10010011;20009;托尔;0
10012001;200101;1;非常遗憾，本期节目依然没人夺得大奖，让我们下期节目再见～～;10010001;20015;乌特迦洛基;0
10013001;300101;1;档案损坏……档案损坏……;10010000;22901;谜之音;0
12010001;100102;1;其之二，某事务所的安保录像;12010000;22901;谜之音;0
12010002;100102;2;.......;12010001;10002;奥丁;0
12010003;100102;3;喂！今天就是说好的最后一天了吧！;12010002;20016;史尔特;0
12010004;100102;4;谁说过要接受你们的条件了！;12010003;10002;奥丁;0
12010005;100102;5;阿斯嘉德的ＢＯＳＳ哟，你们家的当红偶像已经不在了啊！;12010004;20016;史尔特;0
12010006;100102;6;凭剩下的这些没人气的家伙能做什么，老老实实的把阿斯嘉德事务所交给我们吧。;12010004;20016;史尔特;0
12010007;100102;7;只要还有一个人在支持阿斯嘉德，我就不可能把它交给你们这些唯利是图的家伙！;12010005;10002;奥丁;0
12010008;100102;8;既然你这么说了的话！就在这里和这个破事务所一起毁灭吧！;12010006;20016;史尔特;0
12010009;100102;9;（啊咧？是这样的故事来着？）;12010007;22902;庄周;0
12012001;200201;1;可恶！你们给我记着！;12010008;20016;史尔特;0
12012002;200201;2;终于赶走了…可是……;12010008;10002;奥丁;0
12013001;300201;1;档案损坏……档案损坏……;12010000;22901;谜之音;0
13010000;100103;1;其之三，某家庭的影像记录;13010000;22901;谜之音;0
13010001;100103;2;（好奇怪啊，档案原本是这样的吗？）;13010001;22902;庄周;0
13010002;100103;3;真是麻烦啊，公主大人又闭门不出了。;13010002;20007;思兼神;0
13010003;100103;4;不过有正常的吃饭，应该没问题。;13010003;20008;天手力男;0
13010004;100103;5;一直吃那种垃圾食品，连脑子里都会有防腐剂的。;13010004;20007;思兼神;0
13010005;100103;6;不好了！！要赶紧把公主大人救出来！;13010005;20008;天手力男;0
13010006;100103;7;……你暂时别跟我说话了。;13010005;20007;思兼神;0
13010007;100103;8;那客人们，你们想干什么？;13010006;20007;思兼神;0
13010008;100103;9;想把公主从房间里拖出来？你们知道公主发怒起来有多可怕吗！？;13010007;20007;思兼神;0
13010009;100103;10;虽然不知道公主在里面怎样了，但抱歉了，不能让你们通过这里！;13010008;20008;天手力男;0
13010201;200301;1;公、公主！;13010009;20008;天手力男;0
13010202;200301;2;吵死了！！;13010009;10001;天照;0
13010203;200301;3;（这些档案……到底发生什么事了？）;13010001;22902;庄周;0
14010001;100104;1;其之四，崩坏影像区;14010000;22901;谜之音;0
14010002;100104;2;实验记录一，■之日，得到了从■■来的实验素材。拥有强大的■■■。;14010001;10004;道德天尊;0
14010003;100104;3;实验记录二，■之日，对素材进行了■■，发现其■■内有被加工过的痕迹。;14010002;10004;道德天尊;0
14010004;100104;5;实验记录三十六，■之日，对素材进行了■■，素材已经能正常适应■■■■■■■■■■;14010004;10004;道德天尊;0
14010005;100104;7;实验记录四十二，■之日，素材还有很多未解明之处，但■■■的期限就要到了。;14010006;10004;道德天尊;0
14010006;100104;9;实验记录四十八，■之日，为素材的■■做好准备，全体人员撤出■■炉核心区。;14010008;10004;道德天尊;0
14010007;100104;10;诶诶！？这些影像，攻击过来了！;14010009;22902;庄周;0
14010008;100104;4;■■■■■■;14010003;22901;谜之音;0
14010009;100104;6;■■■■■■;14010003;22901;谜之音;0
14010010;100104;8;■■■■■■;14010003;22901;谜之音;0
14010201;200401;1;呼～终于胜利了，恐怕篡改这些档案的元凶就在前方吧！;14010010;22902;庄周;0
15010001;100105;1;档案库最深处;15010001;22901;谜之音;0
15010002;100105;2;锵锵锵锵～～恭喜！你们终于来到了幕后黑手的面前！;15010001;20020;太乙真人;0
15010003;100105;3;没有被不明所以的无聊故事击退，没有输给莫名其妙的剧本构成，真是可喜可贺。;15010001;20020;太乙真人;0
15010004;100105;4;你是！太乙真人！为什么要篡改那些记录？！;15010002;22901;谜之音;0
15010005;100105;5;诶呀呀，小庄周，为什么你会在乎这些呢？;15010003;20020;太乙真人;0
15010006;100105;6;嗯？要说为什么……不是理所当然的嘛！;15010004;22901;谜之音;0
15010007;100105;7;嗯呣嗯呣，理所当然，真是个好理由呢。;15010005;20020;太乙真人;0
15010008;100105;8;但你身边的那位似乎并不这么想，看的出来，那位只想把我的平板电脑打得稀巴烂然后抢走战利品呢。;15010005;20020;太乙真人;0
15010009;100105;9;诶……那、那是……;15010006;22901;谜之音;0
15010010;100105;10;没什么好害羞的，倒不如说如果那位认真的看了我随便写出来的闹剧，反而会让人困扰啊。;15010005;20020;太乙真人;0
15010011;100105;11;毕竟，只是些用来抹杀“神”和“神话”的东西.;15010005;20020;太乙真人;0
15010012;100105;12;如果被人记下来，成为新的“神话”那可就非我本愿了。;15010007;20020;太乙真人;0
15010013;100105;13;抹杀“神”？;15010004;22901;谜之音;0
15010014;100105;14;话就说到这了，现在;15010007;20020;太乙真人;0
15010015;100105;15;照着我的平板电脑狠狠的打过来吧！ＣＯＭＥ　ＯＮ！;15010008;20020;太乙真人;0
15010201;200501;1;哎呀呀，被——打——败——了。;15010009;20020;太乙真人;0
15010202;200501;2;等等！太乙你说的抹杀“神”是怎么回事？;15010010;22902;庄周;0
15010203;200501;3;就像之前说过的，你们为什么要在乎这些呢？;15010011;20020;太乙真人;0
15010204;200501;4;应该得到的奖励已经得到了，赶紧回去调整自己的阵容面对其他神界吧。;15010011;20020;太乙真人;0
15010205;200501;5;（消失）;15010012;20020;太乙真人;0
15010206;200501;6;太乙！;15010002;22902;庄周;0
25010001;400501;1;太乙你说的抹杀“神”是怎么回事？;15010013;22902;庄周;0
25010002;400501;2;呐，小庄周，你知道吗，人在梦中可以变成的不光只有蝴蝶。;15010014;20020;太乙真人;0
25010003;400501;3;？;15010014;22902;庄周;0
25010004;400501;4;无论是熊是鸟是鱼;15010015;20020;太乙真人;0
25010005;400501;5;甚至是“神”这种东西，说不定都只是人在梦中所创造出来的“自身的幻想”而已。;15010016;20020;太乙真人;0
25010006;400501;6;为虚幻的存在赋予虚幻的历史，创造出虚幻的价值，制造虚幻的标准。;15010017;20020;太乙真人;0
25010007;400501;7;所谓“人”到底是什么样的存在，已经在虚幻中迷失了。;15010017;20020;太乙真人;0
25010008;400501;8;太乙……你……;15010017;22902;庄周;0
25010009;400501;9;所以我想看看，去掉一切幻想之后，人之道真正的样子。;15010018;20020;太乙真人;0
25010010;400501;10;你到底是……;15010018;22902;庄周;0
25010011;400501;11;啊啊，但现在全被你们给毁了。我也该乖乖的退散了;15010019;20020;太乙真人;0
25010012;400501;12;（消失）;15010019;20020;太乙真人;0
25010013;400501;13;……太乙真人……人之道吗……;15010021;22902;庄周;0
99990101;999901;1;啊，你终于醒了！;99990101;;？？？;0
99990102;999901;2;虽然事出突然，;99990102;;？？？;0
99990103;999901;3;但是请问……;99990103;;？？？;0
99990104;999901;4;你有拯救世界的经验吗！？;99990104;;？？？;0
99990105;999901;5;啊啊啊，请不要误会！;99990105;;？？？;0
99990106;999901;6;我听说最近经验丰富的救世主多起来了，所以……如果能凑巧召唤出一个的话……;99990106;;？？？;0
99990107;999901;7;啊～～！！不管有没有经验了，现在也只能依靠你了！;99990107;;？？？;0
99990108;999901;8;【轰】;99990108;;;0
99990109;999901;9;先把敌人赶回去再说！;99990109;;？？？;0
99990110;999901;10;不用担心，我也会帮忙的！;99990109;;？？？;0
99990201;999902;1;;99990201;;;0
99990202;999902;2;呼，暂时安全了，说起来我还没自我介绍呢。;99990202;;？？？;0
99990203;999902;3;我是庄周，来自梦世界的旅者。这些东西是我的分身。;99990203;22902;庄周;0
99990204;999902;4;我们长久以来一直在代表人类集体意识的【意识之海】中旅行，寻找着某样事物。;99990204;22902;庄周;0
99990205;999902;5;终于，我们在这个世界发现了线索，于是离开了梦的世界来到这里，;99990205;22902;庄周;0
99990206;999902;6;名为【神界】的世界中。;99990206;22902;庄周;0
99990207;999902;7;【神界】是存在于个人意识中，人称【神灵】之物活动的场所。神灵的本尊通过派出分灵占据神界，获取赖以生存的能源。;99990207;22902;庄周;0
99990208;999902;8;我们正是遭到了那些神灵的攻击，情况紧急才会将你召唤过来的。;99990208;22902;庄周;0
99990209;999902;9;一开始还在想会变成怎样呢，你能获胜真是太好了。;99990209;22902;庄周;0
99990210;999902;10;为了能安心的搜索线索，接下去就请你和我一起努力为神界的和平奋战吧。;99990210;22902;庄周;0
99990211;999902;11;诶？好麻烦而且你不在乎线索是啥？别在意，就当做是一场【梦】，轻松的上啦！;99990210;22902;庄周;0
99990212;999902;12;好的好的！没有拒绝权～现在立刻前往我在神界的行动基地吧。;99990211;22902;庄周;0
99990301;999903;1;呜哇哇！！这个领域也……;99990301;22902;庄周;0
99990401;999904;1;哦呀呀，居然有兴趣了解这个世界的事吗？那就让我仔细的告诉你吧。;99990401;22902;庄周;0
99990402;999904;2;呼啊啊～～～今天也悠闲的过吧～～～;99990402;10001;天照;0
99990403;999904;3;从前在极东之地，有一个悠闲的大神，悠闲地统治着信仰心笃实的神界。;99990403;;旁白;0
99990404;999904;4;今天玩什么好呢？从现世买的新游戏吗？;99990404;10001;天照;0
99990405;999904;5;就算什么也不干，信仰心也会源源不断的涌入。大神就这样每日每日醉心于现世的文化，充实的度过每一天。;99990404;;旁白;0
99990406;999904;6;咚咚;99990405;;;0
99990407;999904;7;谁啊？不是说了不要打扰妾身嘛;99990406;10001;天照;0
99990408;999904;8;直到……那一日……;99990406;;旁白;0
99990409;999904;9;嘎嗷！！！！;99990407;;伊米尔;0
99990410;999904;10;哇啊啊啊！！你谁啊！！;99990408;10001;天照;0
99990501;999905;1;就这样，野蛮的异国神灵击败了悠闲的大神……;99990501;;旁白;0
99990502;999905;2;俺的觉悟可不止这种程度，才不会输给你这样的瘦皮猴咧！;99990502;;伊米尔;0
99990503;999905;3;居然存着这么多的力量，真是浪费，就交给俺来好好利用吧！;99990503;;伊米尔;0
99990504;999905;4;等…等等！那些“信”！不可以拿走！！;99990504;10001;天照;0
99990505;999905;5;妾身的“信”……高天原的力量之源……;99990505;10001;天照;0
99990506;999905;6;没了那些的话……妾身的神界就……;99990506;10001;天照;0
99990601;999906;1;来自异国的弱鸡被打败了，真是可喜可贺可喜可贺～;99990601;;旁白;0
99990701;999907;1;失去了能量的大神还在黯自神伤的时候，另一组异国的来客也接近了极东的神界……;99990701;22902;庄周;0
99990702;999907;2;不要放过任何一个巨人！决不能让他们得到极东之地的信仰心！;99990702;10002;奥丁;0
99990703;999907;3;啧！居然这么快就追来了吗……;99990703;20029;乌特迦洛基;0
99990704;999907;4;上啊！！！;99990704;;伊米尔;0
99990705;999907;5;王啊，您肩负着巨人一族的希望，这里就交给我，请您先撤退吧;99990705;20029;乌特迦洛基;0
99990706;999907;6;唔？啊，俺知道了。俺一定会用这些信仰发动“诸神黄昏”的。;99990705;;伊米尔;0
99990707;999907;7;休想逃走！今天一定要和汝做个了断！;99990706;10002;奥丁;0
99990708;999907;8;【哐】;99990707;;;0
99990709;999907;9;对不起了，阿斯嘉德的大王，可不能让你通过这里哦～;99990708;20029;乌特迦洛基;0
99990710;999907;10;乌特迦洛基……汝不是吾的对手，爱惜性命的话就速速退下！;99990709;10002;奥丁;0
99990711;999907;11;哎呀哎呀，或许过去是如此，但【现在】的奥丁王你还能够驾驭那柄【冈格尼尔】吗？;99990710;20029;乌特迦洛基;0
99990712;999907;12;汝这家伙……;99990711;10002;奥丁;0
99990713;999907;13;既然汝如此期望的话！就让汝见识一下这柄【冈格尼尔】的神威！吧！！！;99990712;10002;奥丁;0
99990801;999908;1;啊呀呀～败了败了～～才怪～;99990801;20029;乌特迦洛基;0
99990802;999908;2;如果是【失去信仰前】的奥丁王，一定不会中这样低级的幻术吧。;99990802;20029;乌特迦洛基;0
99990803;999908;3;什么！？这是……幻象！？;99990803;10002;奥丁;0
99990804;999908;4;伟大的王哟，极东之地的信仰心就由我们【尼夫尔海姆】收下了，我们【诸神黄昏】再见了……如果您在那个时候还没有因缺少信仰心而消失的话。;99990804;20029;乌特迦洛基;0
99990805;999908;5;可恶…被摆了一道吗……;99990805;10002;奥丁;0
99990806;999908;6;如果有更多【智慧】的话……;99990805;10002;奥丁;0
99990901;999909;1;巨人取得了决定性的胜利，【诸神黄昏】提前到来，世界被毁灭了。;99990901;;旁白;0
99991001;999910;1;夺取了极东之地信仰心的巨人，为了发动传说中的【诸神黄昏】，开始向故乡【尼夫尔海姆】神界撤退，与此同时……;99991001;;旁白;0
99991002;999910;2;喂喂！援兵还没到吗！？这群家伙到底是哪里冒出来的！;99991002;;大国主;0
99991003;999910;3;嗷嗷嗷！！;99991003;;巨人;0
99991004;999910;4;可恶！那个家里蹲公主在干嘛啊！还不展开防御结界吗？！;99991004;;建御名方;0
99991005;999910;5;不行了！敌人实在太多了！父亲大人！撤退吧！;99991005;;事代主;0
99991006;999910;6;再坚持一下！！拿出国津神的志气，在公主大人展开结界前死守住这里！;99991006;;大国主;0
99991101;999911;1;老爹！是公主的结界！敌人开始撤退了！;99991101;;建御名方;0
99991102;999911;2;;99991102;;;0
99991103;999911;3;这是什么啊！不觉得这结界有点小吗！？还有一般神灵在外面啊！;99991103;;建御名方;0
99991104;999911;4;……走吧，我们的任务已经完成了。;99991104;;大国主;0
99991105;999911;5;等、等等！须势里——母亲大人还在结界外面！;99991105;;事代主;0
99991106;999911;6;！！;99991106;;大国主;0
99991201;999912;1;公主的结界没能展开吗……;99991201;;大国主;0
99991301;999913;1;这就是【高天原】信仰心被夺事件的始末了。嗯？你问为什么我会卷入战斗？那当然是……;99991301;;庄周;0
99991302;999913;2;啊哇哇哇！怎怎怎么办？居然有神灵会抢走其他神灵的信仰心！果果果然要出面制止一下吧;99991302;;庄周;0
99991303;999913;3;但我身为观察者的立场，介入神界的纠纷真的好吗？;99991303;;庄周;0
99991304;999913;4;不过……万一神界因为缺少信仰心毁灭的话…【那个】的线索说不定也会……;99991304;;庄周;0
99991305;999913;5;啊啊啊！不管了！阻止那些巨人先！之后的事情之后再想了！;99991305;;庄周;0
99991306;999913;6;【轰】;99991306;;;0
99991307;999913;7;嗯？;99991307;;伊米尔;0
99991308;999913;8;那边的巨人！把抢来的信仰交出来！;99991308;;庄周;0
99991309;999913;9;追兵吗！？放马过来！;99991309;;伊米尔;0
99991401;999914;1;诶！痛痛痛痛！不要打了！投降！投降！;99991401;;庄周;0
99991402;999914;2;真不像样啊，南华，不过以你来说已经干的不错了;99991402;;？？？;0
99991403;999914;3;啧！又是敌人吗？;99991402;;伊米尔;0
99991404;999914;4;以师尊的名义，消失吧，伪物;99991403;;？？？;0
99991405;999914;5;【轰】;99991404;;;0
99991406;999914;6;唔！;99991405;;伊米尔;0
99991407;999914;7;休想得逞！;99991406;;庄周;0
99991408;999914;8;东方的家伙，你……;99991406;;伊米尔;0
99991409;999914;9;别误会了！只是你们被消灭的话我会很困扰的！留下抢来的信仰，趁现在快走！;99991406;;庄周;0
99991410;999914;10;等！为啥直接跑掉了啊！？信仰……;99991407;;庄周;0
99991411;999914;11;南华你从以前开始就是这么天真，以为自己的想法一定能传达给任何人，结果谁都没把你的想法当回事。;99991408;;？？？;0
99991412;999914;12;……那又怎样啦？和你无关吧，通玄……;99991408;;庄周;0
99991413;999914;13;;99991409;;;0
99991501;999915;1;诶？你说我吹牛？我怎么可能打赢？别小看我啊！只是有点小小的描述错误而已……;99991501;;庄周;0
99991601;999916;1;不用紧张，我的目标已经逃走了，我没有和你战斗的理由。;99991601;;通玄真人;0
99991602;999916;2;目标……果然……你也盯上了那些信仰心吗;99991602;;庄周;0
99991603;999916;3;同为求道者的你应该明白，那种东西是这个伪物的世界赖以生存的能源;99991601;;通玄真人;0
99991604;999916;4;和【曾为人类】的我们不同，这些【伪物】仅仅是人类为了逃避求道的困难，【幻想】出来的产物;99991601;;通玄真人;0
99991605;999916;5;这些充满欲望的【伪物】被当做人崇拜的偶像，只要这些伪物存在，人就会不断在求道的过程中迷失;99991601;;通玄真人;0
99991606;999916;6;摧毁那些信仰心，从根源消灭这些【伪物】，排除世人求道的障碍，正是我们真人的使命！;99991604;;通玄真人;0
99991607;999916;7;所以……南华，回来吧，和我们一起实现师尊的理想，你不是该在这种地方彷徨迷惘之人;99991604;;通玄真人;0
99991608;999916;8;才不要咧！;99991605;;庄周;0
99991609;999916;9;就算是师尊也一定有哪里搞错了！什么叫排除障碍啊！对我而言！神界的居民和现世一样都是好好的活着的！;99991605;;庄周;0
99991610;999916;10;就算是同门，我也不会眼看着你们将这里摧毁的！;99991606;;庄周;0
99991611;999916;11;啊——说起来是呢，以前你就是个分不清梦和现实的家伙。;99991603;;通玄真人;0
99991612;999916;12;那你就好好用双眼看着，你所要保护的这些【伪物】是如何阻碍你自己的求道之路的吧;99991607;;通玄真人;0
99991613;999916;13;【轰】;99991608;;;0
99991614;999916;14;那是…天照小姐……为什么天照小姐会攻击南华庄啊！？;99991609;;庄周;0
99991701;999917;1;总、总算是勉强挡住了……不过天照小姐为什么要攻击我们啦……;99991701;;庄周;0
99991702;999917;2;就算是信仰心被别人抢走也不能这样迁怒吧……;99991702;;庄周;0
99991703;999917;3;不不不……重点是，下次再有神灵打过来的话就糟糕了……;99991702;;庄周;0
99991704;999917;4;咕……通玄那家伙，说什么阻碍求道之路……我就超越给你看啦！;99991703;;庄周;0
99991705;999917;5;没办法……虽然一百万个不愿意，但也只好去找【那些家伙了】;99991703;;庄周;0
99991706;999917;6;;99991704;;;0
99991707;999917;7;;99991705;;;0
99991708;999917;8;站住！不可以往前走了;99991707;;？？？;0
99991709;999917;9;咿！等！等一下！我不是敌人！;99991706;;庄周;0
99991710;999917;10;我以【蝶一派】首领的名义！要求和【鲲一派】的首领面谈！！;99991706;;庄周;0
99991711;999917;11;……;99991708;;？？？;0
99991712;999917;12;;99991709;;;0
99991713;999917;13;……;99991709;;庄周;0
99991801;999918;1;就这样……南华庄被天照小姐夺走了……其实我们现在都在给天照小姐打白工……努力干吧，伙伴……;99991801;;庄周;0
99991901;999919;1;蝶之长，真是好久不见了，从你们将我们放逐到这里，过去了多久呢？;99991901;;大鲲;0
99991902;999919;2;喂喂！！明明是你们鲲一派拒绝跟我们合作自己跑来占领了塔的下层吧！;99991902;;庄周;0
99991903;999919;3;……你的意思是我们这些由元祖亲手创造与元祖最接近的【鲲】要服从你们这些打杂的【蝶】吗？;99991903;;大鲲;0
99991904;999919;4;咿！;99991904;;庄周;0
99991905;999919;5;算了，我知道你来此的目的，你需要我们【鲲】召唤神灵的力量来帮助你抵抗外敌……;99991905;;大鲲;0
99991906;999919;6;唔哦哦，不愧是鲲之长，真是容易说话……;99991906;;庄周;0
99991907;999919;7;但我拒绝。;99991907;;大鲲;0
99991908;999919;8;诶诶诶！！！为啥为啥！？上层被攻占的话，你们也不会好过吧，最坏的结果是整个南华庄都可能被摧毁哦！;99991908;;庄周;0
99991909;999919;9;我们【鲲】一直都不同意积极与神灵接触的做法，我们的【召唤】技术仅仅是召唤出神灵的分灵，用来对神灵进行观察而已。即便这生命消逝，也无法动摇这个理念。;99991909;;大鲲;0
99991910;999919;10;你现在却想利用这技术制造战士，替你的错误决断收拾烂摊子……;99991910;;大鲲;0
99991911;999919;11;区区的【蝶】不要太得意忘形了！就用你的性命来好好体会这【召唤】的沉重吧！;99991911;;大鲲;0
99991912;999919;12;咿咿咿！;99991911;;庄周;0
99992001;999920;1;够了，你可以离开了。下次再出现在这里……就是你们【蝶一派】的末日了;99992002;;大鲲;0
99992002;999920;2;那【召唤】……;99992001;;庄周;0
99992003;999920;3;……我不可能帮助你们，但如果，【鲲】的成员中有人基于自己的意志愿意跟你一起离开这里的话，我不会阻止。;99992002;;大鲲;0
99992004;999920;4;怎么这样……;99992003;;庄周;0
99992005;999920;5;嗯？;99992004;;庄周;0
99992006;999920;6;看什么看，死乳牛。;99992004;;庄周鲲之型;0
99992007;999920;7;呃……那个……你要跟我来吗？;99992005;;庄周;0
99992008;999920;8;别让我说第二遍啊，死乳牛。;99992006;;庄周鲲之型;0
99992009;999920;9;咕！明明一遍也没说！;99992006;;庄周;0
99992010;999920;10;……哼。临走前给你一个忠告。所谓神灵是基于人类的信仰诞生的生命，只要信仰存在，神灵的生命就没有那么轻易被夺走。;99992007;;大鲲;0
99992011;999920;11;神界也是一样，就算因为缺少信仰心濒临毁灭，只要有新的信仰就会痊愈;99992008;;大鲲;0
99992012;999920;12;……鲲之长;99992009;;庄周;0
99992013;999920;13;;99992010;;;0
99992014;999920;14;;99992011;;;0
99992101;999921;1;等等等等！不算！这是口误！我才没有被干掉！;99992101;;庄周;0
99992201;999922;1;以救赎为名向弱者施以暴威，真是个了不得的神祗呢。;99992201;;拉;0
99992202;999922;2;你口中的弱者，乃是强夺了他人的信仰心，企图发动大灾难【诸神黄昏】的凶恶之徒。即使如此，你也要为她们而战吗！？;99992202;;毗湿奴;0
99992203;999922;3;吾只为身受不公者复仇，缺乏信仰者劫掠信仰丰富者有何不公。;99992203;;拉;0
99992204;999922;4;……真是歪理……你的想法只会招来混乱！;99992204;;毗湿奴;0
99992205;999922;5;那汝又如何呢，静待汝所言的凶恶之徒疲敝，一举将之击溃的汝为何不将那信仰心物归原主？;99992206;;拉;0
99992206;999922;6;这是……为了应对更大的灾难…为了拯救这个世界，这些信仰是必须的……;99992207;;毗湿奴;0
99992207;999922;7;结局也是个仅为了自己方便的说辞，汝有何资格来评断吾之所为？;99992205;;拉;0
99992208;999922;8;……你…对这个世界而言太过危险了，必须在此将你消灭！;99992208;;毗湿奴;0
99992209;999922;9;就凭汝那虚伪的善良，就想打败吾的正义？甚好，就让汝见识何为理想的差距！;99992209;;拉;0
99992301;999923;1;还挺有能耐的嘛，吾也再多出点力以示敬意吧。;99992301;;拉;0
99992302;999923;2;如我所愿，就在这里彻底击溃你全部的力量。;99992302;;毗湿奴;0
99992303;999923;3;到此为止了！！！;99992303;;庄周;0
99992304;999923;4;神界的和平由我来保护！正义的梦界旅者庄周在此！;99992303;;庄周;0
99992305;999923;5;来来～老师！轮到你出场了，用召唤之力轻松解决吧！;99992304;;庄周;0
99992306;999923;6;呜哇，好差劲……;99992304;;庄周鲲之型;0
99992307;999923;7;无所谓了……好好看着吧，这【召唤】的力量;99992305;;庄周鲲之型;0
99992308;999923;8;……;99992306;;庄周鲲之型;0
99992309;999923;9;诶诶诶诶！？;99992307;;庄周;0
99992401;999924;1;这样一来就结束了，这世界和现世都将沉入暗夜……;99992401;;拉;0
99992501;999925;1;看来失败了呢，【召唤】……;99992501;;庄周鲲之型;0
99992502;999925;2;等等等等！什么叫“看来失败了”啊！现在要怎么办才好啊？！对方看起来超生气诶！;99992502;;庄周;0
99992503;999925;3;我怎么知道啊！都是你这死乳牛要挑衅她们吧！;99992503;;庄周鲲之型;0
99992504;999925;4;咕呜呜呜……;99992504;;庄周;0
99992505;999925;5;虽不知发生何事，但汝若不是欲争夺信仰者，速速离开此地吧。;99992505;;拉;0
99992506;999925;6;请去安全的地方避难，很快就结束了;99992506;;毗湿奴;0
99992507;999925;7;;99992507;;;0
99992508;999925;8;怎么办？完全被无视了，要回去吗？;99992508;;庄周鲲之型;0
99992509;999925;9;唔哦哦;99992509;;庄周鲲之型;0
99992601;999926;1;咕…区区一个人类的分灵……;99992601;;拉;0
99992602;999926;2;争斗消耗了过多的力量吗……;99992601;;毗湿奴;0
99992603;999926;3;做……我做到了！这样神界就能得救了…只要把这些信仰心送还回去就……;99992602;;庄周;0
99992604;999926;4;【轰】;99992603;;？？？;0
99992605;999926;5;;99992604;;;0
99992606;999926;6;消失吧！【伪物】！！;99992605;;道德天尊;0
99992607;999926;7;……师尊？;99992605;;庄周;0
99992701;999927;1;果然力量还是差太远了吗……;99992701;;庄周;0
99992801;999928;1;等等！师尊！;99992801;;庄周;0
99992802;999928;2;【轰】;99992802;;;0
99992803;999928;3;哇啊！;99992802;;庄周;0
99992804;999928;4;可恶！妾身要把你们的信仰心统统抢过来！！;99992803;;天照;0
99992805;999928;5;嘁！真是不明事理的家伙！看吾把尔等全部消灭！！;99992804;;奥丁;0
99992806;999928;6;唔！为什么会这样！？请住手！这样下去的话神界就要……;99992805;;庄周;0
99992901;999929;1;呜哇啊！;99992901;;庄周;0
99992902;999929;2;这是……;99992902;;庄周;0
99992903;999929;3;;99992903;;;0
99992904;999929;4;这个世界也快完蛋了吧……;99992904;;庄周鲲之型;0
99992905;999929;5;……;99992904;;庄周;0
99992906;999929;6;请再进行一次【召唤】……;99992905;;庄周;0
99992907;999929;7;刚才就试过没用了吧……;99992906;;庄周鲲之型;0
99992908;999929;8;我知道！;99992907;;庄周;0
99992909;999929;9;这次请用这个……;99992908;;庄周;0
99992910;999929;10;难道你……;99992909;;庄周鲲之型;0
99992911;999929;11;拜托了……为了拯救这世界……;99992910;;庄周;0
99992912;999929;12;这是……梦境旅者！？;99992911;;庄周;0
99992913;999929;13;啊，你终于醒了！;99990101;;庄周;0
99993001;999930;1;【轰】;99993001;;;0
50010101;500101;1;收到了师尊发来的信息。;50010101;;庄周;0
50010102;500101;2;嗯？你不认识我的师尊吗？就是现在的道德天尊，虽然当时不叫这个啦。;50010101;;庄周;0
50010103;500101;3;真奇怪啊……到底说了什么呢？;50010101;;庄周;0
50010104;500101;4;【嗞嗞——】敬告所有梦境旅者，无论你曾经是何立场，一旦选择接受此信息我们就将判断你已接受“在本次事件中作为太清殿的盟友行动”这个条件。;50010102;;道德天尊;0
50010105;500101;5;众所周知我们太清殿自古以来就拥有对月面的所属权，并在月面设立了月面要塞广寒宫。上千年来为了月面的和平与稳定做出了巨大的贡献。;50010102;;道德天尊;0
50010106;500101;6;但有些宵小之辈却不能理解这种努力，一直妄图挑战太清殿对月面的主权。非常遗憾的，在这些宵小的诡计下，广寒宫现在与太清殿断绝了联系。;50010102;;道德天尊;0
50010107;500101;7;在此我恳请各位旅者，希望各位以月面的稳定和谐为优先，暂且搁置争议，前往月面为太清殿调查广寒宫失去联系的原因。;50010102;;道德天尊;0
50010108;500101;8;在调查的过程中可预见会遭遇战斗，我们将会为参与战斗者提供相应的报酬。希望各位旅者英勇奋战，为月面早日恢复和平尽一份心力。;50010102;;道德天尊;0
50010109;500101;9;……嗯…总之就是师尊的前哨站没消息了，找人去给看看？真是可疑…月之信仰是各个势力都想要的东西，师尊也不例外吧。;50010103;;庄周;0
50010110;500101;10;这种麻烦事姑且不论，既然说了会给报酬，就去看看呗，反正战斗是你擅长的事情吧。;50010104;;庄周;0
50010111;500101;11;那这就传送到广寒宫吧！出发！！;50010105;;庄周;0
50010112;500101;12;;50010106;;;0
50010113;500101;13;【轰！！！】;50010107;;;0
50010114;500101;14;咳咳咳～啊咧？啊咧咧？这是哪里？好奇怪啊，广寒的坐标被阻断了，失去联系就是这么一回事吗？;50010108;;庄周;0
50010115;500101;15;这下麻烦了，要先回南华庄一趟吗？;50010108;;庄周;0
50010116;500101;16;喂！那边的家伙！是友军吗？有敌人在追我！;50010109;;？？？;0
50010117;500101;17;诶诶诶！？;50010110;;庄周;0
50010201;500102;1;哎呀呀！真是太好了，随便拉下水的家伙居然正好是友军。你们就是传说中的梦境旅者？真是人不可貌相。;50010111;;太阴星君;0
50010202;500102;2;重新自我介绍一下。我是太阴星君，月面要塞广寒宫的管理者。;50010111;;太阴星君;0
50010203;500102;3;欢迎来到所有神界中最混乱的战区——月球。;50010112;;太阴星君;0
50010301;500103;1;多谢你们帮我争取了恢复体力的时间重新自我介绍一下，我是太阴星君，太清殿的月面方面军司令。;50010113;;太阴星君;0
50010302;500103;2;现在，你们这群来路不明家伙一起下地狱去吧！！！;50010114;;太阴星君;0
50020101;500201;1;调查广寒宫失去联系的事情？呀～～没什么大不了的啦，只是小故障啦，啊哈哈哈……;50020101;;太阴星君;0
50020102;500201;2;你这个管理者在月球表面被人追杀怎么看也不是小事吧。;50020102;;庄周;0
50020103;500201;3;啧，你这人真是……;50020103;;太阴星君;0
50020104;500201;4;详细情况我也不清楚啦。毕竟平时都丢给嫦娥在管。;50020104;;太阴星君;0
50020105;500201;5;因为嫦娥的定期联络没有过来，我才来看一看，结果就被攻击了。;50020105;;太阴星君;0
50020106;500201;6;呜哇……讨人厌的上司。那我们现在要去找嫦娥小姐吗？;50020106;;庄周;0
50020107;500201;7;没有这个必要。;50020107;;？？？;0
50020108;500201;8;你们这些入侵者，全都会——在这里变成灰烬！！;50020108;;？？？;0
50020201;500202;1;系统……错误……;50020109;;嫦娥;0
50020202;500202;2;嫦娥！？;50020110;;太阴星君;0
50020301;500203;1;痛痛痛痛！这是干嘛！？报复吗？对平时欺负你的报复吗！？;50020111;;太阴星君;0
50020302;500203;2;嫦娥小姐明显不对劲吧！赶紧撤退啦！;50020111;;庄周;0
50020303;500203;3;目标消失，转入待机模式。;50020112;;嫦娥;0
50030101;500301;1;【哐哐——】啊，不行了，修不好。;50030101;;太阴星君;0
50030102;500301;2;手刀敲打这种方法连现在的液晶电视都修不好啦。;50030102;;庄周;0
50030103;500301;3;但为什么嫦娥小姐会攻击我们？果然是你素行不良吗？;50030102;;庄周;0
50030104;500301;4;才不是！怎么想都是被人修改了程序吧！;50030103;;太阴星君;0
50030105;500301;5;而且还设定成追杀自己最亲近的人……真是不能更恶毒！;50030104;;太阴星君;0
50030106;500301;6;我觉得那是嫦娥小姐自己的意志。;50030105;;庄周;0
50030107;500301;7;【吱吱嘎嘎】侦测到入侵者，进入警戒模式！;50030106;;嫦娥;0
50030108;500301;8;哇啊啊啊啊！！动了！！;50030107;;庄周＆太阴星君;0
50030109;500301;9;【轰！！！】;50030108;;;0
50030110;500301;10;哎呀，被发现了～;50030109;;大国主;0
50030111;500301;11;旅者们，把那两只交给我们，然后加入高天原怎么样？;50030110;;大国主;0
50030112;500301;12;开玩笑的啦～毕竟你们和“那位大小姐”走的太近对我也没有好处。;50030111;;大国主;0
50030113;500301;13;所以还是请你们直接在这里退场好了。;50030111;;大国主;0
50030201;500302;1;【轰轰轰轰】;50030112;;;0
50030202;500302;2;看来我的任务完成了呢。;50030113;;大国主;0
50030203;500302;3;唔啊啊！出什么事情了？;50030114;;庄周;0
50030204;500302;4;这是广寒的……！难道你们……;50030114;;太阴星君;0
50030205;500302;5;在要塞下面藏了那东西不是你们自己吗？我们只是拿来使用而已。;50030115;;大国主;0
50030206;500302;6;可恶！没时间在这折腾了！;50030115;;太阴星君;0
50030207;500302;7;你觉得我会放你们过去吗！？;50030115;;大国主;0
50030208;500302;8;啧，真麻烦！旅者你们跟着嫦娥去广寒！我来拖住这家伙！;50030116;;太阴星君;0
50030301;500303;1;【轰轰轰轰】;50030112;;;0
50030302;500303;2;看来我的任务完成了呢。;50030113;;大国主;0
50030303;500303;3;让我们一起见证新纪元的闪光吧～;50030118;;大国主;0
50030304;500303;4;什么！？难道你们……;50030117;;太阴星君;0
50030305;500303;5;【轰！】;50030119;;;0
50040101;500401;1;看到了！那就是广寒！;50040101;;庄周;0
50040102;500401;2;侦测到大量热能反应。各单位戒备。;50040102;;嫦娥;0
50040103;500401;3;侦测到入侵者，进入警戒模式。;50040103;;嫦娥【？】;0
50040104;500401;4;侦测到入侵者，进入警戒模式。;50040104;;嫦娥【？】;0
50040105;500401;5;侦测到入侵者，进入警戒模式。;50040105;;嫦娥【？】;0
50040106;500401;6;呜啊！嫦娥小姐有一大群！;50040106;;庄周;0
50040107;500401;7;那些只是量产型，尽快击破她们进入要塞。;50040107;;嫦娥;0
50040108;500401;8;诶？嫦娥小姐比她们强吗？;50040108;;庄周;0
50040109;500401;9;……;50040107;;嫦娥;0
50040110;500401;10;啊！视线移开了！！;50040109;;庄周;0
50040201;500402;1;侦测到入侵者，进入警戒模式。;50040105;;嫦娥【？】;0
50040202;500402;2;呜哇，没完没了的！蝶一号呼叫南华庄！对指定坐标进行炮击！;50040110;;庄周;0
50040203;500402;3;【轰轰轰轰】;50040111;;;0
50040204;500402;4;【轰！】;50040112;;;0
50040205;500402;5;侦测到高威胁目标，强制转移，以排除该目标为优先。;50040113;;嫦娥【？】;0
50040206;500402;6;回去会被其他同伴骂的吧……啊哈哈……总、总之！赶紧进入要塞吧！;50040114;;庄周;0
50040301;500403;1;侦测到入侵者，进入警戒模式。;50040104;;嫦娥【？】;0
50040302;500403;2;侦测到入侵者，进入警戒模式。;50040105;;嫦娥【？】;0
50040303;500403;3;呜哇哇！糟糕了！撤退！撤退！;50040110;;庄周;0
50050101;500501;1;为了利益打破中立，以太清殿之名奋战至此的诸位旅者辛苦了。;50050101;;月读;0
50050102;500501;2;月读吗……不知道为什么我一点也不觉得惊讶呢……;50050102;;庄周;0
50050103;500501;3;我想也是呢，毕竟大国主是个过于明显的提示。;50050102;;月读;0
50050104;500501;4;但除了她之外我手头也没有什么可用的棋子了。;50050104;;月读;0
50050105;500501;5;棋子什么的还真过分啊，起码说成是利益共同体吧。;50050105;;大国主;0
50050106;500501;6;！！;50050106;;庄周;0
50050107;500501;7;;50050107;;;0
50050108;500501;8;;50050108;;;0
50050109;500501;9;抱歉啊…被抓住了……;50050109;;太阴星君;0
50050110;500501;10;对了，那边的旅者，你知道那些道士为什么那么在乎这个要塞的控制权吗？;50050110;;月读;0
50050111;500501;11;月之信仰？领土？主权？都不对哦～;50050111;;月读;0
50050112;500501;12;他们真正在乎的，是埋藏在这个要塞下方，以整个月球为炮膛的巨型火炮。;50050112;;月读;0
50050113;500501;13;！！;50050106;;庄周;0
50050114;500501;14;呀，真是吓了一跳呢，被那种东西击中的话，任何神界都会灰飞烟灭吧。;50050114;;月读;0
50050115;500501;15;他在骗你！才没有那种东西！;50050113;;太阴星君;0
50050116;500501;16;这么说真的好吗？太清殿月球方面军司令官大人。你们接受的命令是夺取月面的控制权，然后把所有月之神灵一个个塞进炮管，用他们的力量向神界射击不是吗？;50050114;;月读;0
50050117;500501;17;……你是怎么……;50050114;;太阴星君;0
50050118;500501;18;司令官大人你还不明白吗？你忠实的下属一开始就是我们这边的了。我可是花了不少时间去研究怎么破解她的控制系统呢。;50050115;;月读;0
50050119;500501;19;……旅者你们已无路可逃了，放弃抵抗加入我们。;50050115;;嫦娥;0
50050120;500501;20;嫦娥小姐……;50050116;;庄周;0
50050121;500501;21;可恶，我是不知道那门大炮是不是真的存在！但我们的惯例就是先打翻挡在面前的家伙再来纠结啦！;50050118;;庄周;0
50050122;500501;22;真是有胆色的生活方式，那就让我看看你们能贯彻这份意志到什么时候吧！;50050117;;月读;0
50050201;500502;1;【吱——】;50050201;;;0
50050202;500502;2;好，好，到此为止了。;50050202;;太阴星君;0
50050203;500502;3;诶？;50050203;;月读＆庄周;0
50050204;500502;4;你们是笨蛋吗？怎么会有那么危险的兵器还那么容易夺取的啦。一群外行人乱动要塞下方的锅炉，除了把要塞炸上天的什么也不会发生。;50050204;;太阴星君;0
50050205;500502;5;锅炉……？;50050205;;庄周;0
50050206;500502;6;对对，锅炉，趁着你们打得一团乱的时候，我去关掉了。多亏了你们旅者，广寒的控制权又回到了我们手中。;50050206;;太阴星君;0
50050207;500502;7;还是说，高天原的各位要跟我们正面再来一场？;50050207;;太阴星君;0
50050208;500502;8;……原来如此。来这一手吗？是我输了。继续闹下去让大姐发现了可不好。;50050208;;月读;0
50050209;500502;9;所以我早说了，这种突发奇想的计划不会成功的啦。;50050209;;大国主;0
50050210;500502;10;诶……？虽然不知道发生了什么，但好像……我们赢了！？;50050210;;庄周;0
50050211;500502;11;啊啊，这次多亏了你们不然就出大事了，虽说我是想招待你们在这玩一会啦。;50050211;;太阴星君;0
50050212;500502;12;但是因为战斗破坏了不少地方，维修可是个大工程，能不能请你们就这么回家去呢？报酬之后会寄过去的啦。;50050211;;太阴星君;0
50050213;500502;13;啊，呃……好……;50050212;;庄周;0
50050401;500504;1;真是久违的认真起来了。不过输了就是输了。;50050401;;月读;0
50050402;500504;2;我终于理解为什么大姐想拉拢你们这些旅者了。确实是了不起的实力。;50050401;;月读;0
50050403;500504;3;希望下次再见时你们能为高天原使用你们的力量。当然，我们也会准备好报酬的。;50050402;;月读;0
50050404;500504;4;谁会为你们……诶？有报酬？下、下次还是勉为其难听听看吧。;50050403;;庄周;0
50050405;500504;5;好了好了。挖角能不能去别的地方进行？现在你们统统都该离开了。;50050404;;太阴星君;0
50050406;500504;6;啊！对了！关于大炮……;50050405;;庄周;0
50050407;500504;7;你知道了又能怎样？;50050406;;太阴星君;0
50050408;500504;8;诶？;50050406;;庄周;0
50050409;500504;9;要为了无聊的正义感摧毁自己刚刚拼命保护下来的兵器吗？要劝说我们拆了那东西吗？还是要和刚才那些敌人一起与我们太清殿为敌吗？;50050407;;太阴星君;0
50050410;500504;10;不、不是这样……;50050408;;庄周;0
50050411;500504;11;那就离开这里！已经没有任何你们可做的事情了。;50050409;;太阴星君;0
50050412;500504;12;嫦娥！你躺着干什么啦！赶紧起来送客了。;50050410;;太阴星君;0
50050413;500504;13;你们已经进入军事管制区域，请尽快离开这里。;50050411;;嫦娥;0
50050414;500504;14;嫦娥小姐……;50050412;;庄周;0
50050415;500504;15;庄周大人，请不要再继续深入此事了。;50050413;;嫦娥;0
50050416;500504;16;这个月面就是战场，你所追求的东西在这里是找不到的。;50050413;;嫦娥;0
50050417;500504;17;还有，旅者大人……愿你能在时机到来时，做出正确的选择……;50050414;;嫦娥;0
50050301;500503;1;现在，就让我们来试射第一炮吧，用这些作梦想挑战神的旅者当做炮弹会是什么效果，实在是非常让人好奇呢。会发射出梦吗？还是只有血肉的碎块呢？;50050117;;月读;0
60010101;600101;1;……传说中的梦境旅者哟……;60010101;;霍德尔;0
60010102;600101;2;……;60010102;;霍德尔;0
60010103;600101;3;唔呕呕！！！;60010103;;霍德尔;0
60010104;600101;4;呼…呼…太久没和人对话了，好恶心，好难受……请让我恢复一会……;60010104;;霍德尔;0
60010105;600101;5;……先帮我……揍几个家伙吧……;60010105;;霍德尔;0
60010106;600101;6;等等！这我可不能当做没听到！没有理由的战斗是不可接受的！;60010106;;庄周;0
60010107;600101;7;……就先干掉这家伙，展示你堕入黑暗的觉悟吧……;60010107;;霍德尔;0
60010108;600101;8;诶诶诶！？住手！我们不是同伴吗！？师尊！师尊！请求支援！;60010108;;庄周;0
60010201;600102;1;……你的觉悟我确实见到了……;60010109;;霍德尔;0
60010202;600102;2;……我是，霍德尔……黑暗之神，光之子博德的杀害者，霍德尔……;60010110;;霍德尔;0
60010203;600102;3;……如果，你不害怕的话……;60010111;;霍德尔;0
60010204;600102;4;就让我们开始吧……;60010112;;霍德尔;0
60010205;600102;5;……;60010113;;霍德尔;0
60010206;600102;6;……对不起，我在虚张声势，不要走，请帮助我……;60010114;;霍德尔;0
60010301;600103;1;唔……只有这个程度……果然还是算了……我就这样下去好了……;60010115;;霍德尔;0
60020101;600201;1;啊啊，叫你这家伙过来，就是那个啊，你看嘛……;60020105;;霍德尔;0
60020102;600201;2;天气热的话，会想玩水吧？;60020101;;霍德尔;0
60020103;600201;3;但是啊！！穿着那种完全没有防御力的布料！暴露在阳光下！;60020101;;霍德尔;0
60020104;600201;4;那！完！全！是！卖！肉！吧！;60020102;;霍德尔;0
60020105;600201;5;玩水的话，充气泳池就够了吧！海～滩～～？！摆明了去钓凯子的家伙还真是会找借口咧！有奶子了不起啊！信不信老娘削了丫的！;60020103;;霍德尔;0
60020106;600201;6;所以啊，如果那些烦死人的太阳神都挂了的话，就没有穿着那几片破布到处走的理由了。;60020103;;霍德尔;0
60020107;600201;7;你就去帮我揍个太阳神好了。;60020101;;霍德尔;0
60020108;600201;8;？;60020105;;霍德尔;0
60020109;600201;9;……那个……直接说的话……会很害羞……;60020105;;霍德尔;0
60020110;600201;10;……总之……请去打太阳神……;60020105;;霍德尔;0
60020201;600202;1;……果然……不行呢……仔细想想的话……博德就算没有太阳也会穿着内衣在家里到处走呢……;60020105;;霍德尔;0
60020202;600202;2;……你想象了吗？;60020101;;霍德尔;0
60020203;600202;3;……咕……我的敌人果然还是……;60020102;;霍德尔;0
60020204;600202;4;……胸…胸部吗……;60020103;;霍德尔;0
60020301;600203;1;……想变成深海鱼……;60020104;;霍德尔;0
60030101;600301;1;……这就是……梦境旅者的据点吗;60030101;;霍德尔;0
60030102;600301;2;……虽然分灵被召唤来过不少次，但果然……;60030101;;霍德尔;0
60030103;600301;3;……唔呕呕！！！;60030102;;霍德尔;0
60030104;600301;4;……不用担心……我不会在这里倒下……;60030103;;霍德尔;0
60030105;600301;5;……因为我们还有重要的工作……;60030103;;霍德尔;0
60030106;600301;6;诶？小霍德尔？为什么会在这里？你也是被旅者大人叫来的吗？;60030104;;西芙;0
60030107;600301;7;啊啦啦，是阿斯嘉德的孩子，怎么了？需要救赎吗？;60030105;;毗湿奴;0
60030108;600301;8;居然敢召唤我降临此处，胆子不小嘛，说好的世界树根在哪里？;60030106;;尼德霍格;0
60030109;600301;9;咕唔唔……这下作的……;60030107;;霍德尔;0
60030110;600301;10;……但……不可以退缩……跨过这个障碍的话一定……;60030108;;霍德尔;0
60030111;600301;11;……唔呕呕！！！;60030109;;霍德尔;0
60030112;600301;12;……抱歉……我大概不行了……;60030108;;霍德尔;0
60030113;600301;13;……接下去，就交给你了……;60030108;;霍德尔;0
60030201;600302;1;……这样一来，终于……;60030108;;霍德尔;0
60030301;600303;1;小霍德尔，为什么要做这种事情呢？;60030104;;西芙;0
60030302;600303;2;……走开……离我远点……不能呼吸了……咕噗！;60030104;;霍德尔;0
60040101;600401;1;……这就是海吗……;60040101;;霍德尔;0
60040102;600401;2;……和ＣＧ上不一样……又阴冷，又没有人……;60040101;;霍德尔;0
60040103;600401;3;……啊……太阳神被打倒了……这是理所当然的;60040102;;霍德尔;0
60040104;600401;4;……不过……喜欢……这样的话，就算是我也……;60040103;;霍德尔;0
60040105;600401;5;唔哦！真是锻炼的好天气嘎！你们两个！和俺来比赛游泳吧！;60040104;;伊米尔;0
60040106;600401;6;谁要比啊，话说王你知道我浮不起来吧！;60040105;;史尔特;0
60040107;600401;7;噗噗，史尔特是个旱鸭子呐～;60040106;;蒂阿兹;0
60040108;600401;8;唯独不想被你这么说啊！！;60040107;;史尔特;0
60040109;600401;9;……咦！？……尼夫尔海姆的洗衣板议会，这下糟了……;60040107;;霍德尔;0
60040110;600401;10;嗯？！这个天气居然有阿斯嘉德的小崽子！还挺有骨气的嘛！和俺比赛游到那边的礁石吧！;60040108;;伊米尔;0
60040111;600401;11;咿！……等等，不要……救命！请救救我！;60040108;;霍德尔;0
60040201;600402;1;呼…呼…还以为要死了……;60040109;;霍德尔;0
60040202;600402;2;…………;60040110;;霍德尔;0
60040203;600402;3;……你大概发现了……;60040110;;霍德尔;0
60040204;600402;4;……干掉太阳神和适合穿泳装的家伙……都是因为……我……我想来海边……;60040110;;霍德尔;0
60040205;600402;5;……果然，我这样阴暗的家伙和海非常不合适吧……;60040111;;霍德尔;0
60040206;600402;6;…………已经够了，我们回去吧……;60040112;;霍德尔;0
60040207;600402;7;等一下！！;60040113;;？？？;0
60040301;600403;1;呀啊啊啊啊啊啊啊！！！！;60040114;;霍德尔;0
60050101;600501;1;;60050101;;;0
60050102;600501;2;吾之子哟！都努力到这一步了却要放弃吗！？;60050102;;奥丁;0
60050103;600501;3;臭老头！……你为啥没穿衣服……;60050103;;霍德尔;0
60050104;600501;4;啧啧啧，吾之子哟，汝还不明白吗？吾都是为了汝啊！;60050103;;奥丁;0
60050105;600501;5;为了……我？;60050104;;霍德尔;0
60050106;600501;6;汝还要纠结于他人的眼光到什么时候！身材不好！？不适合泳装！？这些东西有什么关系！汝要知道！;60050105;;奥丁;0
60050107;600501;7;这个世界上可是有“天体海滩”这种地方啊！;60050105;;奥丁;0
60050108;600501;8;！！天体海滩！！那难道就是传说中的……所有人都可以……不必在意差异……平等的……;60050106;;霍德尔;0
60050109;600501;9;啊啊！没错！吾之子哟！现在！踏出汝迈向那理想之地的第一步吧！;60050103;;奥丁;0
60050110;600501;10;等等等等！你个死老头子在对着孩子说什么呢！快把衣服穿上！至少穿个泳装吧！;60050107;;弗丽嘉;0
60050111;600501;11;喂，喂喂！老婆子！别捣乱！正是关键时候呢！;60050107;;奥丁;0
60050112;600501;12;……说的没错……母…姐姐大人……;60050108;;霍德尔;0
60050113;600501;13;诶？我说你这孩子，不要听那种胡言乱语……;60050108;;弗丽嘉;0
60050114;600501;14;……正如那个臭老头所说……;60050109;;霍德尔;0
60050115;600501;15;一直以来，我都因为在意别人的眼光一直躲在黑暗中……完全忘记了……;60050109;;霍德尔;0
60050116;600501;16;……我是……黑暗的化身，光之子博德的永劫杀害者……;60050110;;霍德尔;0
60050117;600501;17;……无时无处不在的永恒黑暗！我就是黑暗之神霍德尔！！;60050110;;霍德尔;0
60050118;600501;18;别人的眼光算什么！看得穿这黑暗就试试看啊！;60050110;;霍德尔;0
60050119;600501;19;这是！！;60050111;;奥丁;0
60050120;600501;20;臭老头！请用你那杆枪成为我最后的试炼吧！;60050112;;霍德尔;0
60050121;600501;21;啊啊！吾之子哟！尽全力来吧！就让吾来见证汝的黑暗是否能超越吾的冈格尼尔吧！！;60050105;;奥丁;0
60050201;600502;1;真少见呐，你居然会邀请我来海边。;60050115;;博德;0
60050202;600502;2;……我也没想到你真的会来……;60050115;;霍德尔;0
60050203;600502;3;别误会了，我怎么可能跟想要干掉我的亲妹妹一起来海边啦，只是不回应粉丝的期待是不行的，对吧，旅者大人？;60050116;;博德;0
60050204;600502;4;……哼，不坦率的家伙。;60050116;;霍德尔;0
60050205;600502;5;那是你吧！！……嘛，一直在海姆冥界也挺无聊的，偶尔这样也…还不错啦，哪怕对象是你这家伙啦;60050117;;博德;0
60050206;600502;6;啊啊，就没有好男神来邀请我吗？一把年纪了还和妹妹一起来海滩。;60050118;;博德;0
60050207;600502;7;……聒噪的家伙……;60050118;;霍德尔;0
60050208;600502;8;……不过也不讨厌就是了……;60050119;;霍德尔;0
60050209;600502;9;……谢谢……;60050120;;霍德尔;0
60050210;600502;10;喂！你们在干嘛？再不过来就丢下你们了哦;60050121;;博德;0
60050211;600502;11;……来了。;60050122;;霍德尔;0
60050212;600502;12;喂，我说你的泳装就不能再想想办法吗？……;60050122;;博德;0
60050301;600503;1;够了！全裸着在沙滩上打成一团成何体统！还有霍德尔你那个黑暗简直不知廉耻！;60050107;;弗丽嘉;0
60050302;600503;2;禁足！全体禁闭一个月！特别是霍德尔！要罚你断网！;60050107;;弗丽嘉;0
60050401;600504;1;果然还是家里好啊～～;60020105;;霍德尔;0
60050402;600504;2;嗯？怎么了？;60020103;;霍德尔;0
60050403;600504;3;啊，你说海的事吗？;60020105;;霍德尔;0
60050404;600504;4;目的已经达成了，辛苦你了。;60020101;;霍德尔;0
60050405;600504;5;嗯？我从没说过要去游泳或是玩耍之类的吧。;60020102;;霍德尔;0
60050406;600504;6;还不明白吗？你击坠了太阳，赶走了游客，让海岸变成了阴冷的魔境。;60020103;;霍德尔;0
60050407;600504;7;这样一来，无处可去的人就会增加，这些人里有多少人会黑暗情绪大爆发，我非常期待呢～;60020101;;霍德尔;0
60050408;600504;8;干嘛用那种眼神看着我？你一开始就知道的吧？;60020105;;霍德尔;0
60050409;600504;9;我是霍德尔，黑暗之神，光之子博德的杀害者霍德尔。堕入黑暗中的人就是我的信者。;60020105;;霍德尔;0
60050410;600504;10;下次要不要来个试着打倒托尔姐姐和那个叫宙斯的家伙来个大停电呢，那样信者一定会增加不少吧。;60020105;;霍德尔;0
60050411;600504;11;……难道你把自己当做拯救家里蹲少女正义的使者了吗？真是受不了。;60020101;;霍德尔;0
60050412;600504;12;让我告诉你吧，在黑暗中才能做的事情……;60020101;;霍德尔;0
60050413;600504;13;……;60050113;;霍德尔;0
60050414;600504;14;;60050114;;;0
70010101;700101;1;呀，你们就是之前支援广寒的那群家伙吧。;70010101;;后羿;0
70010102;700101;2;事出突然，能不能拜托你们再跟我去一趟广寒呢？;70010101;;后羿;0
70010103;700101;3;就算你这么说……但没有理由的话，我不想和师尊有太多交集诶。　　　;70010101;;庄周;0
70010104;700101;4;啧…果然不得不说嘛……事实上我被广寒禁止入内了……;70010102;;后羿;0
70010105;700101;5;那是你素行不良吧，一直把嫦娥小姐当冤大头不是吗？如果惠施是个只会找我借钱的废物，我也会跟他断绝往来的。;70010102;;庄周;0
70010106;700101;6;咕…虽然不知道你说的是谁，但嫦娥不会因为这种事拒绝见我的……;70010102;;后羿;0
70010107;700101;7;那不是因为她没有实装拒绝见你的功能吗？说不定装上了呢？;70010103;;庄周;0
70010108;700101;8;咕呜呜……不是那么回事啦！这里面肯定有古怪！总之你们一定要跟我一起去广寒！能帮助嫦娥的只有你们了！;70010103;;后羿;0
70010109;700101;9;……帮助？;70010104;;庄周;0
70010110;700101;10;！！;70010104;;后羿;0
70010111;700101;11;……总觉得好像有什么隐情，我是不想搅这滩浑水啦，但感觉拒绝的话又会被打一顿……;70010104;;庄周;0
70010112;700101;12;诶！不管了！就这样出发吧！;70010105;;庄周;0
70010113;700101;13;【轰】;70010106;;;0
70010114;700101;14;好了，我们到了…那接下来……;70010107;;庄周;0
70010115;700101;15;侦测到入侵者，进入警戒－－嗞嗞－－进入毁灭模式。;70010108;;？？？;0
70010201;700102;1;侦测到入侵者，进入毁灭模式。;70010109;;嫦娥【侦察机】;0
70010202;700102;2;侦测到入侵者，进入毁灭模式。;70010110;;嫦娥【侦察机】;0
70010203;700102;3;这个情况好像在哪里见过！？到底出什么事了？;70010111;;庄周;0
70010204;700102;4;喂！你们几个！来这边！;70010112;;太阴星君;0
70010301;700103;1;侦测到入侵者，进入毁灭模式。;70010109;;嫦娥【侦察机】;0
70010302;700103;2;侦测到入侵者，进入毁灭模式。;70010110;;嫦娥【侦察机】;0
70010303;700103;3;嚯哈哈！又是这套吗？南华庄！准备炮击！;70010113;;庄周;0
70010304;700103;4;呸！;70010114;;庄周【接线员】;0
70010305;700103;5;诶？？等等！诶诶！！？？;70010115;;庄周;0
70020101;700201;1;……又是你们呐，而且还把这个吃软饭的家伙带来了。;70020101;;太阴星君;0
70020102;700201;2;彼此彼此吧，你又被嫦娥小姐追的到处跑吗？;70020101;;庄周;0
70020103;700201;3;你还不明白状况吗？“那个”可不是我们知道的嫦娥啊。;70020102;;太阴星君;0
70020104;700201;4;……啊啊，简直是要全力杀了我们一样。话说，从刚才开始一直被绑在角落里的那家伙是谁啊？;70020103;;后羿;0
70020105;700201;5;啊，你说那个吗？呀～～真的是很辛苦咧，你们都不知道我花了多大力气才把这家伙带到这里来。;70020103;;太阴星君;0
70020106;700201;6;所以说是谁啊？;70020102;;庄周;0
70020107;700201;7;是【嫦娥】哦。;70020102;;太阴星君;0
70020108;700201;8;你说【嫦娥】！？;70020102;;后羿;0
70020109;700201;9;没错，就是你想的那个【嫦娥】哦。;70020102;;太阴星君;0
70020110;700201;10;唔唔唔！;70020102;;嫦娥？;0
70020111;700201;11;等等！马上把你放开！;70020104;;后羿;0
70020112;700201;12;喂！你这白痴！不要——;70020104;;太阴星君;0
70020113;700201;13;救命啊！！！！！！！;70020105;;嫦娥？;0
70020201;700202;1;这孩子不是嫦娥吗！？为什么她一直在攻击我！;70020106;;后羿;0
70020202;700202;2;因为那就是嫦娥对你的看法啊！;70020106;;太阴星君;0
70020203;700202;3;！！;70020106;;后羿;0
70020204;700202;4;现在不是说这个的时候吧！我们快要完蛋了啊！;70020106;;庄周;0
70020205;700202;5;那我们可就困扰了啊。;70020107;;？？？;0
70020206;700202;6;这雾气是……;70020107;;庄周;0
70020207;700202;7;终于来了吗？真是够久的;70020108;;太阴星君;0
70020301;700203;1;开始处决入侵者;70020109;;嫦娥【侦察机】;0
70030101;700301;1;为什么你们会在这里……？;70030101;;庄周;0
70030102;700301;2;吾等从黑暗中感受到了召唤。;70030101;;孔斯;0
70030103;700301;3;那边那个叫我们来的。;70030101;;月读;0
70030104;700301;4;毕竟我没法搞定“那个”嘛。但集三个月神之力总会有点办法吧。;70030101;;太阴星君;0
70030105;700301;5;等等！你在想什么！？居然求助其他神界的家伙！而且还有之前的敌人！？;70030102;;后羿;0
70030106;700301;6;什么敌人，说的真难听，现在我们是同盟了。;70030105;;太阴星君;0
70030107;700301;7;为了阻止【嫦娥】朝太清殿发射月球大炮的同盟。;70030105;;太阴星君;0
70030108;700301;8;真是危险的兵器，无论是叫嫦娥的家伙还是那个大炮，叫你们早点拆掉吧。;70030103;;月读;0
70030109;700301;9;不就是因为你这家伙破解了嫦娥的系统嘛！之前我家嫦娥可是很乖的！;70030104;;太阴星君;0
70030110;700301;10;呃……所以到底发生了什么？;70030105;;庄周;0
70030111;700301;11;之前的战斗里，这家伙破解了嫦娥的系统，从那以后嫦娥就怪怪的。现在看来恐怕是记忆和情绪被恢复了。;70030106;;太阴星君;0
70030112;700301;12;……;70030106;;后羿;0
70030113;700301;13;所以我一直在暗中监视着她，并且在前段时间发现了嫦娥复制了另一个自己，而且还准备向太清殿发射月球大炮。这事让天尊知道的话，大概广寒和我都会原地自爆吧，为了安静的解决此事我就向这些家伙请求帮助了。;70030107;;太阴星君;0
70030114;700301;14;向加害者复仇，公理正义之举;70030108;;孔斯;0
70030115;700301;15;但那个大炮的能量用的是月之神灵。就不那么让人愉快了。;70030108;;月读;0
70030116;700301;16;……这就是为什么她们会在这了，那么……在那边偷偷摸摸不知道干嘛的后羿，你为什么会在这呢？;70030109;;太阴星君;0
70030117;700301;17;啧，被发现了吗……只好来硬的了！;70030109;;后羿;0
70030201;700302;1;可恶！;70030110;;后羿;0
70030202;700302;2;啊！她把那个嫦娥小姐带走了！;70030111;;庄周;0
70030203;700302;3;快追！;70030111;;太阴星君;0
70030301;700303;1;快来救我！！;70030112;;嫦娥？;0
70030302;700303;2;侦测到入侵者，进入毁灭模式。;70030113;;嫦娥【侦察机】;0
70030303;700303;3;侦测到入侵者，进入毁灭模式。;70030113;;嫦娥【侦察机】;0
70030304;700303;4;咕……万事休矣;70030113;;太阴星君;0
70040101;700401;1;呼……呼……跑的真快……;70040101;;庄周;0
70040102;700401;2;这些量产型的神灵也很麻烦呢;70040101;;月读;0
70040103;700401;3;于黑暗中潜伏，伺机捕获迷惘的猎物方为上策;70040101;;孔斯;0
70040104;700401;4;唔啊！你们一个个的吵死了！还不是那个笨蛋前·真人把那家伙带到这里来事情才会变得这么麻烦的！;70040102;;太阴星君;0
70040105;700401;5;哎！？我们也是受害者啦！因为她说要帮助嫦娥小姐什么的！;70040103;;庄周;0
70040106;700401;6;帮助？……;70040103;;太阴星君;0
70040107;700401;7;啧……不知道那家伙到底误解了什么，但不阻止她的话……;70040103;;太阴星君;0
70040108;700401;8;不会让你们得逞的。;70040104;;嫦娥;0
70040109;700401;9;嫦娥小姐！;70040104;;庄周;0
70040201;700402;1;嫦娥小姐！你对这货的私怨就私下捅她好不好？这样闹下去师尊不会坐视不管的！;70040105;;庄周;0
70040202;700402;2;喂！你这混蛋！;70040106;;太阴星君;0
70040203;700402;3;真人……谢谢，但我们已经无法停手了。那个孩子是我从这不老不死的命运中解脱的关键。;70040107;;嫦娥;0
70040204;700402;4;解脱……难道你想放弃卫道者的职责吗？！这样的事情是不可能——;70040108;;庄周;0
70040205;700402;5;……真人你很强大呢。;70040108;;嫦娥;0
70040206;700402;6;诶？;70040108;;庄周;0
70040207;700402;7;即使身体和灵魂四分五裂，不管前路如何不堪，追寻“道”的意志却不曾动摇过。;70040108;;嫦娥;0
70040208;700402;8;我并没有真人你那么强大……我害怕着自己的职责，害怕着未来，害怕自己必须永恒守卫着这个要塞。;70040109;;嫦娥;0
70040209;700402;9;像我这样的胆小鬼不消除感情是绝对无法承担这样的重担的吧。;70040109;;嫦娥;0
70040210;700402;10;但消除感情时我也忘记了自己是为了能一直和她在一起才选择这条道路的。;70040109;;嫦娥;0
70040211;700402;11;……现在，我想起来了。;70040109;;嫦娥;0
70040212;700402;12;为了能和她在一起，我必须扫清一切障碍。;70040109;;嫦娥;0
70040213;700402;13;所以你想和天尊大干一场被当废铁拆掉吗？;70040110;;太阴星君;0
70040214;700402;14;别做梦了！你这白痴！老娘绝不会让你一个人甩了这责任跑路的！你的命运就是一直在这个要塞里当老娘的玩具！;70040110;;太阴星君;0
70040215;700402;15;所以我会在这里全力阻止你！把你格式化掉！;70040110;;太阴星君;0
70040216;700402;16;真是丑陋的欲望啊……喂，那边的旅者，你们快把这个白痴带走，大炮没人处理我很不安呢。;70040111;;月读;0
70040217;700402;17;堂而皇之的加害宣言即使是敌人亦不可坐视不管，这里就交给我们。;70040111;;孔斯;0
70040218;700402;18;你们……谢谢！来！我们走吧！;70040112;;庄周;0
70040219;700402;19;啊！放开我！;70040112;;太阴星君;0
70040301;700403;1;【轰轰轰】;70040113;;;0
70040302;700403;2;诶？这让人不安的震动难道是……;70040113;;庄周;0
70040303;700403;3;终于……;70040113;;嫦娥;0
70050101;700501;1;……好了！这样就完成了！接下去就是校准……;70050101;;后羿;0
70050102;700501;2;呀嚓！！;70050102;;庄周;0
70050103;700501;3;呜哇！;70050103;;后羿;0
70050104;700501;4;……不愧是前·真人，干得漂亮！;70050124;;太阴星君;0
70050105;700501;5;“前”是多余的！好了！到此为止了！;70050125;;庄周;0
70050106;700501;6;啧，碍事的家伙！;70050104;;后羿;0
70050107;700501;7;居然说我碍事！实在太过分了！这样会被讨厌的哦，被我！;70050105;;庄周;0
70050108;700501;8;你们什么都不明白！别来阻止我！;70050106;;后羿;0
70050109;700501;9;什么都不明白的是你才对吧！你以为你们这种乱来的计划会成功嘛？！;70050107;;太阴星君;0
70050110;700501;10;……没错，这个计划不会成功，没有月神的力量这门炮是无法打穿太清殿的。;70050108;;后羿;0
70050111;700501;11;不过这样一来我会被当做叛逆者废弃掉。而嫦娥可以用另一个形式继续活下去。这就是最好的结局了！;70050109;;后羿;0
70050112;700501;12;……一个两个都是想着这种事情的笨蛋……;70050110;;太阴星君;0
70050113;700501;13;本来以为绑走那个复制品，把你隔断在外就能中止这个计划……;70050110;;太阴星君;0
70050114;700501;14;想不到你居然把更大的笨蛋卷了进来。;70050110;;太阴星君;0
70050115;700501;15;？;70050110;;庄周;0
70050116;700501;16;啊啊！这样正好！老娘早就看你们这对笨蛋情侣不顺眼了！看老娘拆了你们丫的！;70050111;;太阴星君;0
70050117;700501;17;做得到就来试试看啊！！;70050109;;后羿;0
70050201;700502;1;【……综上所述，在梦界旅者与太阴星君的努力下，事态已得到全面控制。】;70050130;;记录;0
70050202;700502;2;【此次事件原因初步评估为病毒影响，已对受影响的嫦娥个体进行格式化。】;70050130;;记录;0
70050203;700502;3;【事件参与者后羿，予以禁闭处分。其主导的神灭炮计划暂时搁置。】;70050130;;记录;0
70050204;700502;4;【事件当中出现的嫦娥——特殊个体，于先前的战斗中下落不明……】;70050130;;记录;0
70050301;700503;1;【……综上所述，梦境旅者最终失败了，事态已演变至必须向太清殿请求支援。】;70050130;;记录;0
70050401;700504;1;【……综上所述，在梦界旅者与太阴星君的努力下，事态已得到全面控制。】;70050130;;记录;0
70050402;700504;2;【此次事件原因初步评估为病毒影响，已对受影响的嫦娥个体进行格式化】;70050130;;记录;0
70050403;700504;3;【事件参与者后羿，予以禁闭处分。其主导的神灭炮计划暂时搁置。】;70050130;;记录;0
70050404;700504;4;【事件当中出现的嫦娥——特殊个体，于先前的战斗中下落不明……】;70050130;;记录;0
70050405;700504;5;……以上，就是这次事件的全部了。;70050112;;太阴星君;0
70050406;700504;6;是吗…那两人的想法我知道了……;70050113;;道德天尊;0
70050407;700504;7;……请容我补充一点。;70050114;;太阴星君;0
70050408;700504;8;天尊您并没有做错什么，她们未曾见过天尊您所见过的未来。所以她们无法理解自己的责任是一种为了对方所做的必要的牺牲。;70050114;;太阴星君;0
70050409;700504;9;……必要…吗……;70050115;;道德天尊;0
70050410;700504;10;回答我，太阴，你曾对这种牺牲感到后悔吗？;70050115;;道德天尊;0
70050411;700504;11;…………;70050116;;太阴星君;0
70050412;700504;12;如果说我有任何悔恨，那只有当时未能拯救“她”而已　　　　;70050117;;太阴星君;0
70050413;700504;13;;70050123;;;0
70050414;700504;14;这可真是稀客啊。毕竟要塞在战斗结束后立刻就被封锁了，我还以为没机会再见到你了呢。;70050118;;月读;0
70050415;700504;15;……这种废话就免了，你之前说的都是真的吗？;70050119;;嫦娥？;0
70050416;700504;16;嗯～～～虽然被那些旅者搅了局，不过好像是对“你”说过呢。;70050120;;月读;0
70050417;700504;17;诶，没错。如果要与太清殿作战的话，高天原将为【嫦娥？】你提供一名神灵的席位哦。;70050120;;月读;0
70050418;700504;18;……给我！;70050121;;嫦娥？;0
70050419;700504;19;唔嗯嗯～真是爽快呢，正好我的手下有个空缺，从今以后，你就继承她的名字吧;70050122;;月读;0
70050420;700504;20;【辉夜】。;70050122;;月读;0
70050421;700504;21;;70050123;;;0
70050422;700504;22;……是的，最终未能成功接头，恐怕计划已经被月读识破了。我怀疑大国主向高天原出卖了吾主。;70050126;;孔斯;0
70050423;700504;23;……;70050127;;孔斯;0
70050424;700504;24;……对不起，不该怀疑潜在的盟友。;70050127;;孔斯;0
70050425;700504;25;……;70050128;;孔斯;0
70050426;700504;26;是的，万事已经齐备，恭迎吾主降临。;70050129;;孔斯;0
70050427;700504;27;愿仇怨皆在复仇之眼的名下昭雪。;70050129;;孔斯;0
70060101;700601;1;……怎么会变成这样……;70060101;;庄周;0
70060102;700601;2;那混蛋躲到哪里去了！可恶的一号！这次一定要干掉她！;70060101;;庄周【蝶成员】;0
70060103;700601;3;一切都是那个宣告的错……;70060102;;庄周;0
70060104;700601;4;诸位神界的居民，贵安，吾乃赫里奥波里斯的大神——拉。;70060105;;拉;0
70060105;700601;5;吾在此通告所有曾身受欺凌者，曾不得不屈服于强权与暴力者，曾失去故土者，曾失去姓名者：;70060105;;拉;0
70060106;700601;6;尔等若还心怀仇恨的话，便于此刻揭竿而起吧！吾在此宣告！赫里奥波里斯将成为尔等的支柱！全力支持尔等的复仇！;70060105;;拉;0
70060107;700601;7;因为此即正义！赫里奥波里斯与尔等必将在正义之名下取得胜利！让吾等一起！推翻这昏庸与不公的神界！;70060105;;拉;0
70060108;700601;8;什么复仇啊！根本就是煽动嘛！连我的分身都变成那样……;70060102;;庄周;0
70060109;700601;9;诶？啥？她们本来就是那样？只有我不知道？;70060103;;庄周;0
70060110;700601;10;怎么会……明明我都这么努力了……;70060103;;庄周;0
70060111;700601;11;找到了！是一号！干掉她！;70060104;;庄周【蝶成员】;0
70060112;700601;12;呜哇啊啊啊啊！！！快帮帮我啦！;70060104;;庄周;0
70060201;700602;1;呼，呼……刚才出现的……就是拉说的……支持复仇吗……;70060106;;庄周;0
70060202;700602;2;呼，呼……我们的确是失败了……至少……请一日提供三餐……;70060106;;庄周【蝶成员】;0
70060203;700602;3;门都没有！;70060107;;庄周;0
70060204;700602;4;我们快走吧，趁着增援赶来之前。;70060108;;庄周;0
70060205;700602;5;你说去哪里？当然是要确认各个神界的状况啦！;70060108;;庄周;0
70060301;700603;1;呃啊啊啊！！;70060109;;庄周【蝶成员】;0
70060302;700603;2;欢呼吧！罪恶的一号已经被讨伐了！;70060109;;庄周【大鲲】;0
70060303;700603;3;诶诶，辛苦你们了，愚民们。;70060110;;庄周【蝶成员】;0
70060304;700603;4;等等！你们是……【鲲】一派的！？;70060111;;庄周【蝶成员】;0
70060305;700603;5;为什么会……呃啊！;70060112;;庄周【大鲲】;0
70060306;700603;6;旅者大人，让您见笑了，不用担心，很快就结束了。之后还请您多关照了。;70060112;;庄周【大鲲】;0
70060401;700604;1;诸位远道而来真是辛苦了，如您所见，阿斯嘉德十分平和，并没有什么反逆者哦～;70060401;;洛基;0
70060402;700604;2;啊啦啦～那真是失礼了，我们就此告辞了，洛基小姐。;70060402;;庄周;0
70060403;700604;3;等等！这个状况你们想丢下我自己逃走吗！？;70060403;;洛基;0
70060404;700604;4;你们这已经是大革命了啦！你想要我怎么办啦！话说奥丁平日是有多讨人厌啊！;70060404;;庄周;0
70060405;700604;5;都是那个什么复仇宣告弄的啦！没什么大不了的事情都被拿出来当复仇的理由了！;70060404;;洛基;0
70060406;700604;6;果然……话说奥丁在哪？;70060405;;庄周;0
70060407;700604;7;王现在在阿斯嘉德外的猎场被华纳神族包围了。完全落入华纳那群家伙的陷阱了……;70060405;;洛基;0
70060408;700604;8;【轰】;70060406;;;0
70060409;700604;9;找到你了……洛基！！！今日就偿还汝犯下的罪业吧！;70060407;;托尔;0
70060410;700604;10;呀啊啊啊啊！！！！;70060407;;庄周＆洛基;0
70060501;700605;1;不就是一点恶作剧嘛……用得着这样么……;70060408;;洛基;0
70060502;700605;2;连托尔小姐这样正直的神灵也受到复仇宣告的影响了……这要如何是好……;70060408;;庄周;0
70060503;700605;3;我要去赫里奥波里斯。;70060409;;洛基;0
70060504;700605;4;诶？！这种情况下深入敌境？;70060409;;庄周;0
70060505;700605;5;据说每一任的【洛基】都会去赫里奥波里斯拜会一位智者，希望那个智者能对这个宣告做些什么吧。;70060409;;洛基;0
70060506;700605;6;总觉得是个很不靠谱的计划……但也只好如此了……不过洛基小姐你为什么要做到这个地步？;70060409;;庄周;0
70060507;700605;7;王将自己的义兄弟【洛基】的名字赐予了区区无名神灵的我，在未能报答王的恩义之前，怎么能让王就这样死掉！;70060410;;洛基;0
70060508;700605;8;况且那个叫拉的家伙轻易就能掀起这么大的混乱也让我很不爽，算是为了报一箭之仇吧。;70060410;;洛基;0
70060509;700605;9;洛基小姐……;70060410;;庄周;0
70060510;700605;10;顺便问一下，你到底对托尔小姐做了什么恶作剧？;70060411;;庄周;0
70060511;700605;11;啊？也没什么啦，往她的锤子柄上涂胶水，在鞋子里放刀片，给她的羊吃泻药，麦酒里放羊粪，剪掉西芙的头发等等，都很普通的啦～;70060411;;洛基;0
70060512;700605;12;……洛基小姐……真是爽朗的笑容呢……;70060411;;庄周;0
70060601;700606;1;你们是东方的家伙们……难道说你们也是洛基一伙的吗！？;70060412;;托尔;0
70060602;700606;2;等等！等等！误会啊！！;70060412;;庄周;0
70060603;700606;3;多说无益！受死吧！;70060412;;托尔;0
70060701;700607;1;南华……我计算着你们也该到了。说实话真是不希望你们见到你这个丑态。;70060601;;通玄真人;0
70060702;700607;2;果然这里也出现反逆者了吗……;70060602;;庄周;0
70060703;700607;3;就凭从太清殿离开的南华你，也要将他们视作叛逆吗？真是有趣。;70060603;;通玄真人;0
70060704;700607;4;【舍弃“道”对我等求道者来说便是叛逆】……我从未忘记师尊的教诲。;70060604;;庄周;0
70060705;700607;5;确实如是，但很抱歉，关于你所说的反逆者，唯独这次不能借助梦界旅者的力量去解决。;70060605;;通玄真人;0
70060706;700607;6;为什么？！你们仍然在怀疑我追求道的决心吗！？;70060606;;庄周;0
70060707;700607;7;与你的决心无关，你现在已经不是太清殿的一员了，这个问题不是你能主动参与的。;70060607;;通玄真人;0
70060708;700607;8;计然……你……！师尊在哪里？我要跟师尊面谈！;70060604;;庄周;0
70060709;700607;9;南华，对不起啦，师尊现在正忙着处理你所说的反逆者没空见你哦。;70060608;;冲虚真人;0
70060710;700607;10;换句话说，这里没有需要你的地方，赶紧离开吧。;70060609;;洞灵真人;0
70060711;700607;11;你们……;70060602;;庄周;0
70060712;700607;12;很惭愧我不是他们的对手。接下去，就拜托你了……请帮助我……;70060610;;庄周;0
70060801;700608;1;这力量……南华你所追求的道，就是这纯粹的暴力吗？将不服从者以暴力压倒吗？;70060611;;通玄真人;0
70060802;700608;2;那么你没有资格见师尊！就算形神俱灭我们也会守住这里！;70060612;;通玄真人;0
70060803;700608;3;为什么……我只是想帮助你们而已……;70060604;;庄周;0
70060804;700608;4;好啦好啦，你们两个都冷静点。;70060613;;冲虚真人;0
70060805;700608;5;南华，你想要帮助的应该不是我们吧？;70060614;;冲虚真人;0
70060806;700608;6;咕！;70060604;;庄周;0
70060807;700608;7;南华你实在太好懂了，自以为谁都可以拯救谁都想要拯救。不过安心吧，原本师尊也不打算歼灭那些家伙，毕竟如果要那样干的话，第一个处理的就是你吧。;70060614;;洞灵真人;0
70060808;700608;8;唔……真的吗……;70060602;;庄周;0
70060809;700608;9;……你把我们都当什么人了……如果对方愿意和平撤离太清殿或是重回“大道”的话，我们不会追究任何责任，我在此向你保证。;70060614;;通玄真人;0
70060810;700608;10;如果要顽抗到底的话还是会歼灭……对吗？;70060604;;庄周;0
70060811;700608;11;这就要看南华你努力到什么程度了，如果早点打倒幕后黑手就不会变成那样了，不是吗？;70060609;;冲虚真人;0
70060812;700608;12;……我知道了……;70060602;;庄周;0
70060813;700608;13;走吧，这里已经没有我们可以做的事了。;70060615;;庄周;0
70060901;700609;1;唔唔唔……这样的话！我就亲自解决你们三个再去见师尊！;70060606;;庄周;0
70060902;700609;2;南华啊！你终于还是向“大道”露出獠牙了吗！;70060616;;通玄真人;0
70060903;700609;3;真是遗憾……;70060617;;冲虚真人;0
70060904;700609;4;再见了，南华，长久以来你一直是个好朋友。;70060617;;洞灵真人;0
70061001;700610;1;诸位且留步，请你们当做什么都不知道，乖乖的回去如何？;70061001;;大国主;0
70061002;700610;2;原来如此……高天原的反逆者是你吗？！;70061002;;庄周;0
70061003;700610;3;反逆者什么的还真是难听呢，我只是从那个娇生惯养的公主那取回属于自己的东西而已。;70061002;;大国主;0
70061004;700610;4;你被拉迷惑了！趁现在放弃还来得及！;70061002;;庄周;0
70061005;700610;5;这还真是什么都不知道的圣母才说得出来的话咧。;70061003;;大国主;0
70061006;700610;6;如果我说，是我主动找上他们的呢？;70061003;;大国主;0
70061007;700610;7;啊啊～对了，那时还差点被你们搅了局呢～;70061003;;大国主;0
70061008;700610;8;诶？难道是在月面的时候……;70061003;;庄周;0
70061009;700610;9;没错哦，你们突然插进来让月读临时改变了计划，让我去拦截你们，差一点就没能和赫里奥波里斯接上头呢。;70061003;;大国主;0
70061010;700610;10;那么现在，提问——圣母的梦界旅者小姐，你失去过国土吗？失去过将士吗？失去过爱人吗？失去了一切之后，还在导致这一切的罪魁祸首面前俯首称臣过吗？;70061004;;大国主;0
70061011;700610;11;那个时候……你就能感觉到……在你的体内支持你活下去的并不是所谓【信仰】那种廉价的东西……;70061005;;大国主;0
70061012;700610;12;而是复仇……;70061007;;大国主;0
70061013;700610;13;你这家伙……;70061007;;庄周;0
70061014;700610;14;在月面遇到你的时候，我就知道我们是注定无法相容的。挥舞着自己不能控制的力量，肆意宣扬过于天真的理念。就和那个公主一样让人不爽！;70061005;;大国主;0
70061015;700610;15;不过很快，让人不爽的家伙就只有你一个了～;70061008;;大国主;0
70061016;700610;16;到那时记得在你的神灵名册上，划掉高天原将苇原中国加入进去哦～;70061006;;大国主;0
70061017;700610;17;那么接下去，我还有重要的事情，就先行告退了。孔斯阁下，拜托你了。;70061009;;大国主;0
70061018;700610;18;昔日之友，今日之敌，未尝不是一乐。;70061010;;孔斯;0
70061019;700610;19;孔斯小姐…为什么要这样……;70061010;;庄周;0
70061101;700611;1;孔斯小姐！住手吧！请不要再扩大混乱了！;70061011;;庄周;0
70061102;700611;2;何来混乱，吾等所为乃是为了新的秩序。;70061011;;孔斯;0
70061103;700611;3;新的秩序……这样就要让所有神界都陷入战乱吗！？;70061011;;庄周;0
70061104;700611;4;让神界之间互相倾轧，却将弱者排除在正义之外，就是这世界应有的秩序吗？;70061012;;？？？;0
70061105;700611;5;……荷鲁斯……;70061012;;庄周;0
70061106;700611;6;梦界旅者庄周……身为理想的追逐者却阻止他人为了理想而战，用自己天真幼稚的行为扰乱神界，肆意靠诡辩宣扬自己的一厢情愿，在复仇名单上，你的人气可是很高的。;70061013;;荷鲁斯;0
70061107;700611;7;在这种场合见面……还是第一次吧……也就是说……;70061013;;庄周;0
70061108;700611;8;以复仇之眼的名义，赐此世予秩序！;70061014;;孔斯;0
70061109;700611;9;以复仇之眼的名义，赐此世予正义！;70061015;;塞赫迈特;0
70061110;700611;10;以复仇之眼的名义，赐此世予希望！;70061016;;索贝克;0
70061111;700611;11;以复仇之眼的名义，赐此世予安宁喵！;70061017;;贝斯特;0
70061112;700611;12;以复仇之眼的名义，赐此世予公理！;70061018;;阿努比斯;0
70061113;700611;13;为了这个世界应有的秩序，为了身受迫害者们的正义，以复仇之眼的名义，在此对你下达正义的制裁！;70061019;;荷鲁斯;0
70061201;700612;1;以复仇之眼的名义，现在赐予你平等的死亡。;70061019;;孔斯;0
70061301;700613;1;咕唔！被包围了！蝶一号呼叫南华……;70061301;;庄周;0
70061302;700613;2;……啊哈哈，对了呢，现在她们不会来支援了。;70061302;;庄周;0
70061303;700613;3;想不到会以这个形式迎来终结呢……;70061302;;庄周;0
70061304;700613;4;那么现在……为你的罪恶，付出代价吧！;70061304;;荷鲁斯;0
70061305;700613;5;……罪恶……呐，荷鲁斯，你说我为了自己的理想阻止了他人的理想吧？;70061304;;庄周;0
70061306;700613;6;……扰乱了神界还有什么来着？一厢情愿？;70061305;;庄周;0
70061307;700613;7;……;70061306;;庄周;0
70061308;700613;8;那又怎么样啦！！！说我一厢情愿！你又不是我！你怎么知道我不知道那些神灵们想要什么！;70061307;;庄周;0
70061309;700613;9;不过我知道！他们肯定不会想要摆脱了一个讨人厌的上司之后再来一个一样讨人厌的家伙！就是你们啦！;70061308;;庄周;0
70061310;700613;10;这无意义的诡辩就是你最后的遗言了吗？那便如此吧。;70061309;;荷鲁斯;0
70061311;700613;11;啊啊！来啊！就让你们见识一下南华真人引以为傲的逃跑能力吧！！;70061303;;庄周;0
70061312;700613;12;啊啦啦～擅长逃跑真是太好了～;70061310;;？？？;0
70061313;700613;13;因为以救赎为理念的同伴不可在这里倒下呢～;70061310;;毗湿奴;0
70061314;700613;14;【轰】;70061311;;;0
70061315;700613;15;果然来了……伪善者们……;70061312;;荷鲁斯;0
70061316;700613;16;诶诶？虽然不知道发生了什么！但机会来了！快跑！！;70061312;;庄周;0
70061401;700614;1;给弱者以无谓的希望，让弱者失去奋斗的意志，成为只会等待救赎的废物！你们这些伪善者即是巨大的罪恶！;70061313;;荷鲁斯;0
70061402;700614;2;那声称为弱者复仇的你们又如何呢！即使这复仇的结局是死是破灭都不管不问吗！？若这仇恨指向了你们无法超越的力量时又该怎样呢！？;70061313;;毗湿奴;0
70061403;700614;3;若为复仇消亡，惟愿正义长存！;70061314;;荷鲁斯;0
70061404;700614;4;【轰】;70061315;;;0
70061405;700614;5;可恶……跟你家大神一样满口歪理……失去了生命还谈得上正义吗！？;70061316;;毗湿奴;0
70061406;700614;6;那么救赎的对象被杀的话，你也就失去立场了吧？;70061316;;荷鲁斯;0
70061407;700614;7;什么！？;70061316;;毗湿奴;0
70061408;700614;8;“她”已经到了，正义必将得到贯彻……;70061316;;荷鲁斯;0
70061501;700615;1;终于…逃出来了……但是力量已经……;70061317;;庄周;0
70061502;700615;2;诶呀，那再见了，不枉我在这里恭候多时了～;70061318;;大国主;0
70061503;700615;3;唔！！;70061318;;庄周;0
70061601;700616;1;又见面了，旅者们。;70061601;;拉;0
70061602;700616;2;……咕唔……;70061603;;庄周;0
70061603;700616;3;那时真是小看你们了，但这次不会了。;70061602;;拉;0
70061604;700616;4;不会让你们阻止这正义的巨轮前行，;70061602;;拉;0
70061605;700616;5;赫里奥波里斯将全力在此将你击溃。;70061604;;拉;0
70061606;700616;6;……这力量……和分灵完全不同！！;70061603;;庄周;0
70061607;700616;7;在来世再相见了。;70061604;;拉;0
70061608;700616;8;【轰】【轰】【轰】;70061647;;;0
70061609;700616;9;什么！？这是……;70061605;;拉;0
70061610;700616;10;呀，看来是赶上了。;70061606;;后羿;0
70061611;700616;11;一号！还没死吧！对不起！果然没有一号的话我们没法跟鲲那些家伙好好相处啦！;70061607;;庄周【蝶成员】;0
70061612;700616;12;你们！别乱来！对方可是真正的太阳神！;70061603;;庄周;0
70061613;700616;13;那不是正好嘛！射杀这些大火鸟可是我的强项！;70061606;;后羿;0
70061614;700616;14;可恶！净耍些小聪明！给吾化为灰烬！;70061608;;拉;0
70061615;700616;15;防御程式，启动。;70061609;;嫦娥;0
70061616;700616;16;消失吧！伪物！;70061610;;道德天尊;0
70061617;700616;17;师尊！;70061611;;庄周;0
70061618;700616;18;啊啊啊啊啊！！可恶！尔等愚民！;70061612;;拉;0
70061619;700616;19;吾即是正义与复仇的化身！是人类所追求的天之理！尔等休得在吾面前放肆！;70061613;;拉;0
70061620;700616;20;唔……明明制造了那么多分灵，还有这么巨大的力量！;70061614;;庄周;0
70061621;700616;21;南华，你已经很努力了，现在退下吧，接下去就交给我们。;70061615;;道德天尊;0
70061622;700616;22;……师尊……对不起了。;70061616;;庄周;0
70061623;700616;23;这可是我们所有人的战争啊！打倒她让大家恢复心智吧！！;70061617;;庄周;0
70061701;700617;1;是吾的败北……;70061618;;拉;0
70061702;700617;2;好了！现在就解除你的宣告，让大家恢复原状吧。;70061619;;庄周;0
70061703;700617;3;？;70061620;;拉;0
70061704;700617;4;诶？;70061621;;庄周;0
70061705;700617;5;咿哈哈哈！！;70061622;;拉;0
70061706;700617;6;真是有趣！到现在汝还以为这混乱是吾之宣告造成的吗？;70061623;;拉;0
70061707;700617;7;汝以为失去了土地，失去了所爱之人，被欺凌，被压迫的那份怨恨，全都是虚假的吗？;70061623;;拉;0
70061708;700617;8;比如那边的狩日者！;70061623;;拉;0
70061709;700617;9;唔？！;70061624;;后羿;0
70061710;700617;10;吾可是知道的！汝渴望着所爱之人的自由！汝憎恨着夺去她自由的罪魁祸首！;70061625;;拉;0
70061711;700617;11;旅者哟！汝也知道吧！那份憎恨曾转化为多大的力量。;70061625;;拉;0
70061712;700617;12;那是……;70061631;;庄周;0
70061713;700617;13;吾不知道也不想知道狩日者的仇恨是如何消退的，但吾只是为那些还渴望着复仇者提供了一个契机，彻底激发出他们内心深处的力量。汝所见的混乱，正是这力量对虚伪和平的反抗。;70061625;;拉;0
70061714;700617;14;怎么这样……;70061631;;庄周;0
70061715;700617;15;好好享受汝短暂的胜利吧，汝最终将在正义面前化为灰烬。;70061626;;拉;0
70061716;700617;16;南华，你得到你想要的答案了吗？;70061627;;道德天尊;0
70061717;700617;17;师尊……我……;70061627;;庄周;0
70061718;700617;18;我所做的一切……;70061627;;庄周;0
70061719;700617;19;啊啦啦～不能被那个满口歪理的太阳神影响哦～;70061628;;毗湿奴;0
70061720;700617;20;……救赎的伪物，看在你救了南华的份上，就勉为其难听听看你的“高论”吧。;70061629;;道德天尊;0
70061721;700617;21;真苛刻呢～不过我也不是为了你来的。;70061630;;毗湿奴;0
70061722;700617;22;旅者，现在可不是消沉的时候，神界正处于混乱当中，若如那复仇之修罗所说，有人期待着复仇，那一定也有人期待着被拯救。为了你曾坚信的道路，能否将你的力量借给阿摩婆罗提呢？;70061628;;毗湿奴;0
70061723;700617;23;……我……;70061631;;庄周;0
70061724;700617;24;……对不起……我……不知道……;70061632;;庄周;0
70061725;700617;25;……如果这复仇是他们发自内心，而不是拉的影响……如果这真的是正义……我不知道……;70061633;;庄周;0
70061726;700617;26;…………我了解了。;70061634;;毗湿奴;0
70061727;700617;27;愿你能早日找回前进的方向。;70061635;;毗湿奴;0
70061728;700617;28;南华……;70061643;;道德天尊;0
70061729;700617;29;……我不知道……;70061643;;庄周;0
70061801;700618;1;正义终于获得了胜利，扰乱世间的旅者，在正义的威光面前消散！;70061608;;拉;0
70061802;700618;2;南华！;70061615;;道德天尊;0
70061901;700619;1;是吾的败北……;70061618;;拉;0
70061902;700619;2;好了！现在就解除你的宣告，让大家恢复原状吧。;70061619;;庄周;0
70061903;700619;3;？;70061620;;拉;0
70061904;700619;4;诶？;70061621;;庄周;0
70061905;700619;5;咿哈哈哈！！;70061622;;拉;0
70061906;700619;6;真是有趣！汝以为这混乱是吾之宣告造成的吗？;70061623;;拉;0
70061907;700619;7;汝以为失去了土地，失去了所爱之人，被欺凌，被压迫的那份怨恨，全都是虚假的吗？;70061623;;拉;0
70061908;700619;8;就像那边的狩日者！汝渴望着所爱之人的自由！汝憎恨着夺去她自由的罪魁祸首！不是吗！？;70061623;;拉;0
70061909;700619;9;嘛啊……或许是如你所说，但我觉得仇恨并不是一切啦。;70061636;;后羿;0
70061910;700619;10;……狩日者，原来如此，汝的仇恨……被其他的东西所取代了……实在是有趣。;70061623;;拉;0
70061911;700619;11;这真是意想不到的收获，原来还有这样的纰漏。;70061625;;拉;0
70061912;700619;12;今日就到此为止吧，吾的计划还有待修正呢。;70061637;;拉;0
70061913;700619;13;想逃吗！？;70061638;;后羿;0
70061914;700619;14;……住手。你不是她的对手……;70061638;;道德天尊;0
70061915;700619;15;……明智之举呢。衷心祈祷尔等下次遇见吾时还能有如此好运吧。;70061626;;拉;0
70061916;700619;16;……怎么会这样……;70061643;;庄周;0
70061917;700619;17;南华……;70061643;;道德天尊;0
70061918;700619;18;……为什么……明明已经打倒幕后黑手了……;70061643;;庄周;0
70061919;700619;19;为什么大家还是在……因为仇恨而战斗……;70061643;;庄周;0
70061920;700619;20;南华！;70061643;;道德天尊;0
70061921;700619;21;……不应该是这样的……一定有什么不对，是拉的神力吗……;70061643;;庄周;0
70061922;700619;22;【哗啦】;70061639;;;0
70061923;700619;23;诶？;70061639;;庄周;0
70061924;700619;24;真是难看，这就是你所追求的道吗！？在这点程度的困难面前就不知如何是好了吗！？;70061639;;道德天尊;0
70061925;700619;25;……;70061639;;庄周;0
70061926;700619;26;是啊！我不知道该怎么办了！反正我连真正的南华真人都不是！只不过是个无能的分身而已！只不过是个“伪物”而已！为什么这种事情一定要落到我头上！;70061640;;庄周;0
70061927;700619;27;明明鲲和鹏都有强大的力量！为什么最后会变成这样！已经……已经不想……;70061641;;庄周;0
70061928;700619;28;已经不想再变成那个时候那样了……同伴什么的……因为仇恨互相残杀……已经够了……;70061642;;庄周;0
70061929;700619;29;……;70061643;;道德天尊;0
70061930;700619;30;……;70061636;;后羿;0
70061931;700619;31;呃……那个……一号？不好意思打断一下……我们收到了鲲之长的联络……;70061644;;庄周【蝶成员】;0
70061932;700619;32;蝶之长……;70061645;;庄周【大鲲】;0
70061933;700619;33;“那个人”得到了赫里奥波里斯的援助……从我们鲲一派的看管下逃走了……;70061645;;庄周【大鲲】;0
70061934;700619;34;！？;70061631;;庄周;0
70061935;700619;35;……我们最大的“噩梦”……吾友【惠施】……;70061646;;庄周【大鲲】;0
70070101;700701;1;一号的状态一直不见好转呢，自从与拉一战后就完全丧失战意了。虽然洛基小姐发来了救援请求，不过现在这个样子只好回绝她了。;70070101;;庄周【蝶成员】;0
70070102;700701;2;诶？你要去支援洛基小姐？……唔，你那么强，而且现场有我们的前线观察员，应该没问题吧。;70070102;;庄周【蝶成员】;0
70070103;700701;3;那么现在准备传送……坐标是……赫里奥波里斯。;70070104;;庄周【蝶成员】;0
70070104;700701;4;【轰】;70070105;;;0
70070105;700701;5;啊呀呀，真是粗暴的传送方式。怎么样？还站的起来吗？;70070106;;？？？;0
70070106;700701;6;看来没问题呢。自我介绍一下……似乎没这个必要了，你大概已经知道了……;70070107;;？？？;0
70070107;700701;7;观察员？啊……不愧是梦境旅者大人呢。我已经恭候多时了。;70070108;;？？？;0
70070108;700701;8;……旅者大人是要去找到那个叫洛基的吗？……求援……这么说来，我的协力者之前好像也说发现了求救信号，先行一步去打探情况了。;70070110;;庄周【观察员】;0
70070109;700701;9;应该是这边，旅者大人请随我来。;70070111;;庄周【观察员】;0
70070110;700701;10;嗯？我有点奇怪？;70070109;;庄周【观察员】;0
70070111;700701;11;啊哈哈，旅者大人真是爱说笑，此世有不奇怪之物吗？;70070108;;庄周【观察员】;0
70070112;700701;12;救人要紧，请赶紧跟上来。;70070107;;庄周【观察员】;0
70070113;700701;13;【移动中】;70070112;;;0
70070114;700701;14;赛特！我以大神拉的名义起誓，今日一定要抓住你密谋反叛的证据！;70070113;;凯布利;0
70070115;700701;15;啧！北地的小兔崽子，你居然把老子出卖给了复仇之眼吗？;70070114;;赛特;0
70070116;700701;16;咕……事已至此……还是先回阿斯嘉德救出奥丁再说吧……;70070114;;洛基;0
70070117;700701;17;看来晚到了一步呢，这状况没法好好谈话，把他们全都打倒吧。;70070111;;庄周【观察员】;0
70070201;700702;1;可恶！怎么能在这被抓住！;70070115;;赛特;0
70070202;700702;2;唔！休想逃走！;70070116;;凯布利;0
70070203;700702;3;呼……得救了……你是…旅者大人！那你是……？;70070117;;洛基;0
70070204;700702;4;我？洛基大人真是健忘，我是旅者庄周啊。我们接到了您的救援请求，特意赶来支援。;70070118;;庄周【观察员】;0
70070205;700702;5;……透着一股谎言的味道呢，不过算了，现在帮手越多越好。立刻赶往阿斯嘉德吧！;70070119;;洛基;0
70070301;700703;1;旅者大人？旅者大人？……看来是没救了。;70070109;;庄周【观察员】;0
70070401;700704;1;华纳的将士们！在父王尼约德卑怯的领导下我们华纳神族失去了信仰，失去了荣誉，失去了领土，失去了尊严！我们！在阿萨族的强权与暴虐下饱尝压迫与痛苦！;70070401;;弗雷;0
70070402;700704;2;我们不断的忍耐，祈祷！期望着与阿萨神族有着一样的荣誉与地位！但我们的忍耐换来的只有阿萨神族变本加厉的剥削与羞辱！;70070401;;弗雷;0
70070403;700704;3;但现在！我们无需再忍耐了！！奥丁失去神力之事众所周知！胜利之剑又回到了我们当中！更有来自赫里奥波里斯的义军相助！！此即为世界树的意志！是这个世界选择了我们！选择了华纳神族的证明！;70070402;;弗雷;0
70070404;700704;4;华纳神必将崛起！成为九界真正的主宰者！！;70070402;;弗雷;0
70070405;700704;5;……呜哇……真是不凑巧……赶上弗雷的誓师大会了……;70070403;;洛基;0
70070406;700704;6;打倒台上那个叫得欢实的就结束了吧。不过没看到你说的奥丁，难道已经被干掉了？;70070403;;庄周【观察员】;0
70070407;700704;7;……就是还没干掉才要誓师激励士气吧。恐怕…是被围困在那边的废弃堡垒里了。;70070404;;洛基;0
70070408;700704;8;那种小破堡垒都攻不下来，这群士兵也是只会出张嘴嘛;70070405;;庄周【观察员】;0
70070409;700704;9;再怎样虚弱奥丁也是大神，区区华纳族士兵来多少都没用，但现在的阵势……;70070406;;洛基;0
70070410;700704;10;恐怕弗雷打算用胜利之剑直接对奥丁发起攻击了……;70070406;;洛基;0
70070411;700704;11;那个有那么厉害吗？;70070405;;庄周【观察员】;0
70070412;700704;12;……你真的是梦境旅者吗？简单来说，如果弗雷牵制住了奥丁，那这群杂兵就有机会干掉她了。;70070404;;洛基;0
70070413;700704;13;明白了。;70070404;;庄周【观察员】;0
70070414;700704;14;不好啦！！！奥丁的手下混进我们之中了！！;70070407;;庄周【观察员】;0
70070415;700704;15;等！？你……;70070407;;洛基;0
70070416;700704;16;你是……洛基！;70070408;;弗雷;0
70070417;700704;17;啊哈哈……弗雷你知道的吧，我可是陷害了博德和霍德尔，仇视托尔的那个“洛基”哦……所以我不是你们的敌人啦～;70070408;;洛基;0
70070418;700704;18;诶诶，我非常清楚，华纳神族感谢你为瓦解阿斯嘉德做出的贡献，现在，为你的背叛行径付出代价吧！;70070409;;弗雷;0
70070419;700704;19;呀啊啊啊啊啊！！;70070410;;洛基;0
70070420;700704;20;好了，趁现在，打倒那边的家伙，冲进堡垒！;70070411;;庄周【观察员】;0
70070501;700705;1;【轰】;70070413;;;0
70070502;700705;2;是敌人吗！？;70070414;;海姆达尔;0
70070503;700705;3;请住手！梦境旅者特来相助大神奥丁！;70070415;;庄周【观察员】;0
70070601;700706;1;等等等等！那边几个家伙跟我是一伙的！;70070412;;洛基;0
70070602;700706;2;唔……被包围了，万事休矣吗。;70070412;;庄周【观察员】;0
70070701;700707;1;咕……真是没面子，让尔等见到这种丑态。;70070416;;奥丁;0
70070702;700707;2;这种事先放一边，我们不能让洛基的牺牲白费，当务之急是要想办法脱离这险境，我建议我们梦境旅者从正面攻击弗雷，奥丁就抓住这机会逃走。;70070417;;庄周【观察员】;0
70070703;700707;3;好主意，你们死后一定能破格进入英灵殿的。;70070417;;海姆达尔;0
70070704;700707;4;海姆达尔！;70070418;;奥丁;0
70070705;700707;5;老爹，这种局面下你还要等下去吗？那家伙可是弗雷的……;70070418;;海姆达尔;0
70070706;700707;6;住口！;70070419;;奥丁;0
70070707;700707;7;旅者们，尔等的好意吾已知晓，虽然无理，但吾请求尔等和吾一起守在这里。;70070420;;奥丁;0
70070708;700707;8;……看上去并不是在逞强。;70070421;;庄周【观察员】;0
70070709;700707;9;好，我知道了，旅者大人，准备干活吧。;70070422;;庄周【观察员】;0
70070710;700707;10;来吧！让华纳的渣滓们见识一下阿斯嘉德的意志！;70070422;;奥丁;0
70070801;700708;1;弗雷！！！！解放吧！冈格尼尔！！！;70070423;;奥丁;0
70070802;700708;2;啧！;70070423;;弗雷;0
70070803;700708;3;【哐】;70070424;;;0
70070804;700708;4;冈格尼尔居然被挡下了！？;70070425;;海姆达尔;0
70070805;700708;5;燃烧吧！！让诸神黄昏开幕吧！！;70070426;;史尔特;0
70070806;700708;6;……不好意思，史尔特君，还没到那个时候。;70070426;;弗雷;0
70070807;700708;7;什么啊？还没到吗？;70070427;;史尔特;0
70070808;700708;8;是的，这次只是请你来帮忙对付奥丁而已。;70070427;;弗雷;0
70070809;700708;9;真无聊，那之后再杀了你吧。;70070428;;史尔特;0
70070810;700708;10;弗雷汝……居然和巨人…而且是那家伙联手了吗……;70070429;;奥丁;0
70070811;700708;11;身为王者，永远要注视着未来，与史尔特的同盟正是华纳族迈向未来的证明。只知道看着过去的奥丁王，你就在这里被时代所淘汰吧！;70070430;;弗雷;0
70070812;700708;12;何等愚蠢…居然为了仇恨将自己的人民拉入险境……;70070430;;奥丁;0
70070813;700708;13;啊啊，说的没错，真是无可救药的蠢材啊。;70070431;;？？？;0
70070901;700709;1;唔……实力差太远了吗……也罢，这结果也算可以接受吧。;70070439;;庄周【观察员】;0
70071001;700710;1;【轰】;70070432;;;0
70071002;700710;2;阿斯嘉德奥丁王麾下顾问尼约德在此！阿斯嘉德的将士们听令！讨伐逆贼弗雷！;70070433;;尼约德;0
70071003;700710;3;父亲！;70070433;;弗雷;0
70071004;700710;4;啊哈哈哈哈！燃烧吧！杂碎们！化为灰烬吧！！;70070434;;史尔特;0
70071005;700710;5;冻结吧！！;70070435;;斯卡蒂;0
70071006;700710;6;咕唔！;70070435;;史尔特;0
70071007;700710;7;尼约德！汝终于来了！;70070436;;奥丁;0
70071008;700710;8;平息阿斯嘉德的混乱花了一些时间，现在就按原计划一起讨伐这些逆党吧！;70070437;;尼约德;0
70071009;700710;9;父亲……你居然……为了自己的地位出卖华纳族的人民吗！？;70070437;;弗雷;0
70071010;700710;10;……弗雷…投降吧……;70070437;;尼约德;0
70071011;700710;11;……父亲……;70070437;;弗雷;0
70071012;700710;12;……华纳神族的将士们！尼约德已经背叛了我们！但我们荣耀的华纳神族绝不屈服！现在！展现你们真正的力量！！为了华纳神族的荣光！诛杀奥丁与叛贼尼约德！！;70070438;;弗雷;0
70071013;700710;13;诶呀呀，看来是我们出手的时候了。;70070440;;庄周【观察员】;0
70071101;700711;1;尼约德！！！;70070441;;弗雷;0
70071102;700711;2;弗雷！！！;70070441;;尼约德;0
70071103;700711;3;【哐】;70070442;;;0
70071104;700711;4;咕唔！;70070454;;弗雷;0
70071105;700711;5;……放弃吧弗雷，看看四周，你已经失败了。;70070454;;尼约德;0
70071106;700711;6;还……没有！！;70070444;;弗雷;0
70071107;700711;7;休想得逞！;70070445;;洛基;0
70071108;700711;8;洛基……没抓住你果然是个错误吗……;70070446;;弗雷;0
70071109;700711;9;弗雷，一切都结束了。回到阿斯嘉德接受汝应得的惩罚吧。;70070447;;奥丁;0
70071110;700711;10;【轰】;70070448;;;0
70071111;700711;11;弗雷大人！请来这边！;70070449;;奥西里斯;0
70071112;700711;12;复仇之眼！掩护华纳神族撤退！;70070449;;荷鲁斯;0
70071113;700711;13;唔嗯嗯，来的真不是时候呢，那么旅者大人，我们也是时候撤退了。;70070450;;庄周【观察员】;0
70071114;700711;14;……你在想什么？该不会想去挑战复仇之眼吧。……没有吗？那就好。;70070451;;庄周【观察员】;0
70071115;700711;15;我的目的？为什么现在要说这个？;70070451;;庄周【观察员】;0
70071116;700711;16;……我们不是一起战斗到现在的朋友吗？;70070452;;庄周【观察员】;0
70071117;700711;17;【噩梦】？……既然你已经知道了，我也没必要隐瞒下去了。;70070453;;庄周【观察员】;0
70071118;700711;18;我正是【惠施】。;70070453;;庄周【观察员】;0
70071201;700712;1;没能阻止弗雷吗？那么，这件事已和你没有关系了，你终于从这可怕的噩梦中解脱了。;70070439;;庄周【观察员】;0
70071301;700713;1;【噩梦】，还真是过分的说法，不过我已经习惯了，庄周那家伙一直就是那么自我中心，听不进别人说话，满口歪理，鬼扯自己是鹓鶵，说别人是猫头鹰……;70071301;;【惠施】;0
70071302;700713;2;【轰】;70071302;;;0
70071303;700713;3;……打得还真激烈，你确定要在这里谈话吗？;70071302;;【惠施】;0
70071304;700713;4;……好吧，关于我的目的……;70071303;;【惠施】;0
70071305;700713;5;就是摧毁这不合条理的愚蠢世界。;70071304;;【惠施】;0
70071306;700713;6;喂喂喂，干嘛用那种眼神看着我;70071305;;【惠施】;0
70071307;700713;7;你难道不明白吗？这可是“那家伙”所期望的事情之一。;70071306;;【惠施】;0
70071308;700713;8;口口声声说要追寻自己的道，却疑惑于这个世界的不合条理，想要以超脱于人的角度去寻求真理，却又执着于身为人的身份和立场，想要舍弃自己的身形，却又不愿舍弃为人时的思辨。;70071306;;【惠施】;0
70071309;700713;9;总之，那家伙抱持着无数的怀疑和恐惧以及自我否定，最终，那家伙为这些东西找到了一个“形态”，代表一切反对她厌恶她憎恨她之物。;70071307;;【惠施】;0
70071310;700713;10;那便是我，你所见的【惠施】，庄周名符其实的【噩梦】;70071308;;【惠施】;0
70071311;700713;11;……话虽如此，但一直被囚禁在高塔之下的我也没有什么特殊能力，顶多像这样耍耍嘴皮子而已。;70071309;;【惠施】;0
70071312;700713;12;不过，你就不一样了。;70071310;;【惠施】;0
70071313;700713;13;看这混乱，这冲突，这是仅凭我所无法做到的。;70071311;;【惠施】;0
70071314;700713;14;你的到来激起了这些伪物们“生的意志”，使他们开始不满足于既定的宿命了。;70071312;;【惠施】;0
70071315;700713;15;与你一起行动更是使我确定，你正是我所等待之人。;70071312;;【惠施】;0
70071316;700713;16;混乱的缔造者，这不合理世界的摧毁者！;70071312;;【惠施】;0
70071317;700713;17;你甚至不需要做任何事，你的存在本身即动摇了这世界的根基。这虚伪的梦正因你的到来而崩塌，说到底，人之世本就不该依靠梦与神灵这些虚无之物，而是应该交托于你这样对自己的力量有着绝对自信之人。;70071313;;【惠施】;0
70071318;700713;18;……请旅者大人与我一同，终结这虚伪的世界。;70071314;;【惠施】;0
70071319;700713;19;……尽管想这样说，但恐怕现在还不是时候，毕竟我和那家伙还有恩怨要了结。;70071315;;【惠施】;0
70071320;700713;20;不过我也不想和旅者大人战斗，这可如何是好;70071315;;【惠施】;0
70071321;700713;21;对了，虽是唐突之请，还是麻烦旅者大人去制止一下那边打成一团的伪物们吧。;70071316;;【惠施】;0
70071322;700713;22;万一他们中有一方胜利了，将两个势力统合在一起，可真是让人笑不出来啊。;70071316;;【惠施】;0
70071401;700714;1;何等可怕的力量……;70071316;;奥西里斯;0
70071402;700714;2;唔，尔等……;70071316;;奥丁;0
70071403;700714;3;好的好的，到此为止了，阿斯嘉德与赫里奥波里斯的诸位，请听我一言。;70071317;;【惠施】;0
70071404;700714;4;我们梦境旅者向来以神界的和平安定为目标如此努力着。;70071320;;【惠施】;0
70071405;700714;5;此次的事件虽因宿怨而起，但我希望双方能放下成见，重新考虑自身的得失，再决定是否要继续战斗下去。;70071320;;【惠施】;0
70071406;700714;6;这是……在威胁我们吗？;70071318;;尼约德;0
70071407;700714;7;岂敢，只是若你们双方在此战个鱼死网破，被其他势力趁虚而入，对我们梦境旅者而言也是一大损失。;70071313;;【惠施】;0
70071408;700714;8;……我明白了，华纳神族将追随赫里奥波里斯撤退。;70071319;;弗雷;0
70071409;700714;9;弗雷……;70071319;;尼约德;0
70071410;700714;10;父亲……下次再见面时，愿您重新拾回华纳神的灵魂。;70071319;;弗雷;0
70071411;700714;11;……;70071319;;尼约德;0
70071412;700714;12;能明事理真是太好了，那么这个结果，奥丁你是否可接受呢？;70071317;;【惠施】;0
70071413;700714;13;……阿斯嘉德的将士们，撤退。;70071334;;奥丁;0
70071414;700714;14;这样一来，算是告一段落了。;70071321;;【惠施】;0
70071415;700714;15;那么，旅者大人，请前往高天原吧，还有新的求援请求呢。;70071321;;【惠施】;0
70071501;700715;1;旅者大人，你已经很努力了，这便是你力所能及的极限，惠施我确实见证了。你可以安心的去了。;70071323;;【惠施】;0
70071601;700716;1;还没完呢……;70071322;;弗雷;0
70071602;700716;2;居然有这等力量，梦境旅者…真是让人畏惧的存在……;70071322;;尼约德;0
70071603;700716;3;好的好的，诸位已经确实见识过旅者大人的力量了。我建议诸位立即停止争斗，否则我们将遗憾的全力将诸位击溃了。;70071323;;【惠施】;0
70071604;700716;4;等…等等！为什么会变成这样啊！？;70071324;;庄周;0
70071605;700716;5;啊呀呀，这可真是幸会，这不是我的挚友庄周吗？就算身体变得如此不像样，那自我为中心的腐臭气味还是如此熟悉，简直就像烂老鼠一样让人精神一振呢。;70071325;;【惠施】;0
70071606;700716;6;唔……惠施……;70071325;;庄周;0
70071607;700716;7;正是在下，吃烂老鼠的臭猫头鹰惠施。叙旧就先放到一边，这边马上就结束了，你就请在旁边找根梧桐树休息一下吧。;70071326;;【惠施】;0
70071608;700716;8;咕……新的梦境旅者吗……;70071327;;弗雷;0
70071609;700716;9;啧，这样战斗下去只是徒增损失而已，弗雷，今天就放过汝。下次再见到汝便不会如此客气了。;70071316;;奥丁;0
70071610;700716;10;复仇之眼的各位，我们的使命已经达成，就此撤退吧。;70071316;;奥西里斯;0
70071611;700716;11;等，等一下……;70071328;;庄周;0
70071612;700716;12;为何要阻止他们呢？事情已经圆满解决了才对，难道你想要他们继续打下去吗？;70071329;;【惠施】;0
70071613;700716;13;那才不叫圆满解决！根本就是被你们恐吓了！;70071330;;庄周;0
70071614;700716;14;你又不是他们，怎么知道他们不是理解了我们的理念自愿撤军呢？——你以为我会这样说吗？就算是被恐吓也罢，结果确实阻止了战斗不是吗？;70071331;;【惠施】;0
70071615;700716;15;唔……;70071331;;庄周;0
70071616;700716;16;来，旅者大人，我们走吧，别管那个自我中心的家伙了。这个世界还有其他的神灵等着我们去拯救。;70071332;;【惠施】;0
70071617;700716;17;惠施你……;70071332;;庄周;0
70071618;700716;18;别做出那种表情，我们不是好朋友吗？你所期望但无法完成的事情，交给我就好了，;70071332;;【惠施】;0
70071619;700716;19;【吾友庄周】……;70071333;;【惠施】;0
70080101;700801;1;旅者大人，高天原已经到了，打起精神准备作战吧。;70080101;;惠施;0
70080102;700801;2;怎么了？看上去很警惕咧，莫非你在怀疑我会让你去援助叛军吗？;70080102;;惠施;0
70080103;700801;3;那大可放心，这种有损声誉的事情是不会做的。;70080103;;惠施;0
70080104;700801;4;唔？那是……;70080102;;惠施;0
70080105;700801;5;……你们难道是……旅者们吗？！是接到救援来帮忙的吗？;70080104;;天手力男;0
70080106;700801;6;看来是友军了，既然我们到此，你们就可以安心了，快带我们去大神身边吧。;70080105;;惠施;0
70080107;700801;7;不不不，公主有结界在一直都很安心，凭国津神是无法撼动公主的结界的，请你们，快去援助须佐之男大人！;70080106;;天手力男;0
70080108;700801;8;他中了敌人的奸计，被诱出结界了！;70080107;;天手力男;0
70080109;700801;9;……这可真是……也罢，不管是援助谁，既然接下了委托就要帮忙到底。;70080108;;惠施;0
70080110;700801;10;在那之前……先解决你身后的追兵吧。;70080108;;惠施;0
70080201;700802;1;那么那个叫须佐之男的现在在何处呢？;70080109;;惠施;0
70080202;700802;2;……大国主出现在阵前时他就杀出去了……你们跟着战斗的痕迹走应该就能找到他了。;70080109;;天手力男;0
70080203;700802;3;了解了，接下去就交给我们了，你赶紧回去保护公主吧。;70080109;;惠施;0
70080204;700802;4;……一切就，拜托你们了……;70080106;;天手力男;0
70080301;700803;1;咕呜呜……旅者居然被打败了……果然只有自己人才值得信赖么……;70080110;;天手力男;0
70080401;700804;1;建御雷！今天就在这里和我做个了断吧！;70080401;;建御名方;0
70080402;700804;2;啧…真是烦人……;70080401;;建御雷;0
70080403;700804;3;【轰】【轰】;70080402;;;0
70080404;700804;4;打扰了！梦境旅者特来相助须佐之男大人！;70080403;;惠施;0
70080405;700804;5;……嗯……哪一位是须佐之男大人？红的还是绿的？;70080404;;惠施;0
70080406;700804;6;啊……都不是吗？那真抱歉，我们就先告辞了。;70080403;;惠施;0
70080407;700804;7;喂喂！都知道你们要去帮那家伙怎么可能放你们过去啊！;70080405;;建御名方;0
70080408;700804;8;你的对手是我吧！;70080406;;建御雷;0
70080409;700804;9;【轰】;70080402;;;0
70080410;700804;10;休想得逞！不会让你们阻挠军师大人的计划的！;70080407;;事代主;0
70080411;700804;11;军师……？;70080407;;惠施;0
70080412;700804;12;啊啊！姐姐你个大嘴巴！算了！这些家伙都死在这里就没问题了！;70080408;;建御名方;0
70080501;700805;1;嘁，还挺难缠的嘛，不过……还没结束啊！！;70080409;;建御名方;0
70080502;700805;2;等等！军师大人传来的联络！对手比想象中要强，我们得赶紧走了！;70080410;;事代主;0
70080503;700805;3;会让你们逃走吗！？;70080411;;建御雷;0
70080504;700805;4;追也是没用的！;70080411;;事代主;0
70080505;700805;5;【轰】;70080402;;;0
70080506;700805;6;转移……被摆了一道呢，看来一开始对手就打算把这边各个击破了。;70080412;;惠施;0
70080507;700805;7;咕！！;70080413;;建御雷;0
70080508;700805;8;……是和红色的家伙战斗受的伤吗…;70080413;;惠施;0
70080509;700805;9;俺没事……你们……快去，追那些家伙，就算是三贵子，在那样的攻势下也……;70080414;;建御雷;0
70080510;700805;10;啊啊，无需多言，接下去就交给我们。;70080415;;惠施;0
70080601;700806;1;嘁，还挺难缠的嘛，不过……已经结束了，是我们国津神的胜利！;70080416;;建御名方;0
70080701;700807;1;呼……呼……;70080417;;经津主;0
70080702;700807;2;你们已经没有胜算了，尽速投降吧！;70080417;;天若日子;0
70080703;700807;3;吾主，不可大意，困兽反而更加危险。;70080417;;天探女;0
70080704;700807;4;住手！梦境旅者特来相助须佐之男大人！;70080418;;惠施;0
70080705;700807;5;呃…哪一位是？;70080419;;惠施;0
70080706;700807;6;这边这边！这位正是须佐之男大人！感谢救援～！;70080420;;天探女;0
70080707;700807;7;啊喂……;70080420;;天若日子;0
70080708;700807;8;……哎？那个不是？;70080421;;惠施;0
70080709;700807;9;……原来你知道须佐之男是谁？早说嘛，那就交给你好了。;70080422;;惠施;0
70080710;700807;10;啧，还以为能成呢……;70080422;;天探女;0
70080711;700807;11;……你在想什么啊……;70080423;;天若日子;0
70080712;700807;12;我们有大义之名加护！不需要耍这种小手段！胜利必将属于国津神！;70080424;;天若日子;0
70080713;700807;13;好好，吾主，你没忘记我们的目的吧。;70080424;;天探女;0
70080714;700807;14;……？看来敌人好像有什么安排…先打败她们再说吧。;70080425;;惠施;0
70080801;700808;1;咕唔…还没完……;70080426;;天若日子;0
70080802;700808;2;好了好了，吾主，对经津主造成重创已是我们的胜利了。;70080426;;天探女;0
70080803;700808;3;……别忘了那位大人的计划哟。;70080426;;天探女;0
70080804;700808;4;……啧，知道啦。;70080426;;天若日子;0
70080805;700808;5;【轰】;70080402;;;0
70080806;700808;6;……又逃走了，好像有什么圈套……但现在也无路可退了，是吧。;70080427;;惠施;0
70080901;700809;1;看见了吧！义在我们这边！;70080428;;天若日子;0
70081001;700810;1;不愧是须佐之男大人，在国津神和赫里奥波里斯的精锐围攻下还能坚持这么久。;70080429;;大物主;0
70081002;700810;2;你这家伙……不可原谅……都是你这家伙，须势里才会……;70080429;;须佐之男;0
70081003;700810;3;【轰】;70080402;;;0
70081004;700810;4;啊啊，须势里须势里的，实在是让人不爽。我说你们不能再加把劲快点了结他吗？;70080430;;少彦名;0
70081005;700810;5;少彦名……;70080430;;大物主;0
70081006;700810;6;现在，陪伴在您身边的是我，也只有我，所以不要再想着什么须势里了……;70080431;;少彦名;0
70081007;700810;7;来吧，现在就了结他，然后，一起回我们的国家苇原中国去吧。;70080431;;少彦名;0
70081008;700810;8;……你就是为了这种家伙才把须势里……才把须势里留在结界外的吗！？;70080431;;须佐之男;0
70081009;700810;9;……从以前开始……岳父大人您就是听不进人说话的性格呢……;70080432;;大物主;0
70081010;700810;10;这场战斗不光是为了国津神，也是为了须势里……就算我这么说，您大概也不会相信。不如我们就在此永别吧。;70080432;;大物主;0
70081011;700810;11;【轰】;70080402;;;0
70081012;700810;12;梦界旅者特来相助须佐之男大人！;70080433;;惠施;0
70081013;700810;13;……这是……;70080434;;惠施;0
70081014;700810;14;……;70080434;;须佐之男;0
70081015;700810;15;啊哈哈哈哈！活该呐！三贵子之一也不过如此而已嘛！稍微刺激一下就追出来，最后落得这样难看的下场！;70080435;;少彦名;0
70081016;700810;16;诸位旅者，岳父……须佐之男大人是与实力悬殊的大军英勇作战而死，请将他的尸首带回给公主大人吧。;70080436;;大物主;0
70081017;700810;17;……原来如此。真是不错的策略。;70080437;;惠施;0
70081018;700810;18;……但那种东西跟我们没有关系！说到底我们接到的请求是救援高天原，只要打败你们就算委托完成了啊！;70080438;;惠施;0
70081019;700810;19;呵，无论哪个梦界旅者都是一样的呢，如果这能让你们释怀的话，那便来吧！;70080439;;大物主;0
70081020;700810;20;看我们天衣无缝的组合把你们打得七零八落呐！;70080439;;少彦名;0
70081101;700811;1;涂丹箭！！;70080440;;大物主;0
70081102;700811;2;呃！！;70080440;;惠施;0
70081103;700811;3;哦呀，和那个紫色的旅者不一样，身手很差呢。;70080441;;大物主;0
70081104;700811;4;……那是当然的，别把我跟那家伙……混为一谈啊……;70080441;;惠施;0
70081105;700811;5;嘛，是哪一个都无所谓了，再见了！;70080442;;大物主;0
70081106;700811;6;我说，老公你啊！要在那躺到什么时候！给我起来！;70080443;;？？？;0
70081107;700811;7;【轰】;70080402;;;0
70081201;700812;1;这样就结束了，旅者们，你们确实是可敬的对手。;70080444;;大物主;0
70081202;700812;2;但就是太菜了啦～掰掰～～;70080444;;少彦名;0
70081301;700813;1;唔哦哦哦哦呃呃呃！！;70081301;;须佐之男;0
70081302;700813;2;真是的，随随便便就死了，黄泉户大门突然打开的时候我还以为发生了什么事呢。;70081302;;奇稻田;0
70081303;700813;3;话说你也是时候拿掉那些拘束了吧，还想自大到什么地步啊。;70081302;;奇稻田;0
70081304;700813;4;这可真是好久不见，岳母……;70081303;;大物主;0
70081305;700813;5;【唰】;70081303;;;0
70081306;700813;6;别用那个称呼叫我。;70081304;;奇稻田;0
70081307;700813;7;好的，奇稻田姬大人，既然您来了…我姑且确认一下，“那一位”没有跟您一起来吧。;70081304;;大物主;0
70081308;700813;8;没有哦，我出来的时候锁好了门。;70081304;;奇稻田;0
70081309;700813;9;那真是感谢了。没想到岳父大人居然将身体和黄泉户联结在一起，差点就酿成大祸了。这样一来还得注意，不要不小心杀了岳父大人咧。;70081305;;大物主;0
70081310;700813;10;那活捉不就好了！大家一起上呐！;70081305;;少彦名;0
70081311;700813;11;……她们这么说哦。;70081306;;奇稻田;0
70081312;700813;12;……;70081307;;须佐之男;0
70081313;700813;13;【轰】;70081308;;;0
70081314;700813;14;……！！;70081309;;大物主;0
70081315;700813;15;就是这样，接下去就交给我家老公吧，话说那位小哥的状态很不妙哦，都可以从脸上看到“死”了。;70081310;;奇稻田;0
70081316;700813;16;……我没事……;70081311;;惠施;0
70081317;700813;17;比起这个……那些家伙很奇怪……;70081312;;惠施;0
70081318;700813;18;哦嚯嚯，注意到了吗？注意到了吗？;70081313;;少彦名;0
70081319;700813;19;但是不会让你们走的哦，就算死也不会让你们走的哦。;70081313;;少彦名;0
70081320;700813;20;快打倒她们！回高天原的大神那里！！;70081314;;惠施;0
70081401;700814;1;咳咳！不愧是……须佐之男大人……;70081315;;大物主;0
70081402;700814;2;但已经……太迟了……;70081315;;大物主;0
70081403;700814;3;大人……是我们……赢了呢，是我和您的……胜利……;70081315;;少彦名;0
70081404;700814;4;【哐】;70081316;;;0
70081405;700814;5;结界被击破了！？怎么会……;70081317;;奇稻田;0
70081406;700814;6;唔……;70081317;;惠施;0
70081501;700815;1;结束了……旅者们…不用担心，你们先走一步……我们……随后就到。;70081315;;大物主;0
70081601;700816;1;不可让父亲大人与少彦名大人的牺牲白费！为了国津神的未来！全军！前进！;70081318;;事代主;0
70081602;700816;2;胜利之剑！！！;70081319;;弗雷;0
70081603;700816;3;【哐】;70081316;;;0
70081604;700816;4;唔……被算计了……居然用大将当做幌子全军对本阵发起攻击吗……;70081320;;思兼神;0
70081605;700816;5;喂喂！拿出气势来啊！区区国津神！就算加上外族也不是我们的对手！;70081321;;天照;0
70081606;700816;6;大姐…你的结界都爆炸了还能悠闲的说这种话啊……;70081322;;月读;0
70081607;700816;7;……他会回来的。在那之前，只能靠我们全力守住了。;70081323;;天照;0
70081608;700816;8;那个一点都不可爱的弟弟吗……嘛，我也相信他会回来，在那之前我们要怎么守住这里才是问题吧。;70081324;;月读;0
70081609;700816;9;唔……;70081325;;天照;0
70081610;700816;10;建御雷他们已经在和国津神交战了，但负伤的状态撑不了多久吧。况且对方还有着几乎无伤的外族援军……;70081324;;月读;0
70081611;700816;11;妾身知道！但现在只能相信他了！;70081325;;天照;0
70081612;700816;12;呀咧呀咧，偶尔也信任一下我如何？;70081326;;月读;0
70081613;700816;13;诶？;70081323;;天照;0
70081614;700816;14;为什么一脸惊讶啊，大姐你要是被不知道哪里来的无名神给杀了，一直想干掉你的我不是很丢脸吗？;70081326;;月读;0
70081615;700816;15;所以，天手，思兼，你们要保护好我的大姐哦～;70081327;;月读;0
70081616;700816;16;辉夜，看你的了，要让嫦娥他们好好的还之前的人情哦～;70081328;;月读;0
70081617;700816;17;说了那么多结果还是看别人的吗？;70081328;;辉夜;0
70081618;700816;18;我不记得欠过你人情，之后就杀了你。;70081328;;嫦娥;0
70081619;700816;19;【轰】【轰】【轰】;70081329;;;0
70081620;700816;20;什么！？太清殿的家伙为什么……;70081330;;建御名方;0
70081621;700816;21;现在是东张西望的时候吗！？;70081330;;毗沙门天;0
70081622;700816;22;【唰】;70081331;;;0
70081623;700816;23;奉毗湿奴大人之命，不可让你们通过这里！;70081332;;毗沙门天;0
70081624;700816;24;别害怕！我们有数量优势！压倒他们！;70081333;;天若日子;0
70081625;700816;25;咆哮吧！姆乔尔尼尔！！;70081334;;托尔;0
70081626;700816;26;【轰】;70081335;;;0
70081627;700816;27;喂！天照小姐！还活着吗！？我带援军来了！;70081336;;庄周;0
70081628;700816;28;阿斯嘉德的奴役者们！今天就是你们的死期！！解放你的力量！胜利之剑！！;70081337;;弗雷;0
70081629;700816;29;胜利之剑！！;70081337;;尼约德;0
70081630;700816;30;【轰】;70081338;;;0
70081631;700816;31;…咕…居然被压制了…放出那个！！;70081338;;事代主;0
70081632;700816;32;燃烧吧！！！;70081339;;史尔特;0
70081633;700816;33;史尔特君，施放你的全力！！让这腐朽的世界燃烧吧！！！;70081339;;荷鲁斯;0
70081634;700816;34;天丛云！;70081340;;须佐之男;0
70081635;700816;35;【轰】;70081341;;;0
70081636;700816;36;…不知战况…如何了……;70081342;;惠施;0
70081637;700816;37;那两位……应该……赶上了吧……;70081342;;惠施;0
70081639;700816;38;……呵，明明丢下我不管的话……你也可以加入进去的……;70081342;;惠施;0
70081640;700816;39;……真是个，烂好人呐……;70081342;;惠施;0
70081641;700816;40;那是……什么？;70081343;;惠施;0
70081642;700816;41;……危险！;70081344;;惠施;0
70081701;700817;1;……刚才那些家伙……是什么……;70081346;;惠施;0
70081702;700817;2;……不清楚，但不会是什么友善的家伙吧。;70081346;;大物主;0
70081703;700817;3;嗯？你在干什么？;70081347;;惠施;0
70081704;700817;4;……杀了你也没什么意义，所以就把施加在你身上的力量收回了而已。;70081347;;大物主;0
70081705;700817;5;我们已经准备撤退了，建议你们也快点逃走吧，不要想跟那些家伙正面冲突了……;70081348;;大物主;0
70081706;700817;6;啊，同感……旅者大人，我们也赶紧撤退吧。至少……现在，请先撤退吧。;70081348;;惠施;0
70081707;700817;7;高天原;70081345;;;0
70081708;700817;8;无能之辈本没有生存的权利，但出于我的仁慈，这次依然将生存的神圣权利赋予你们。若能了解自己的弱小，臣服于奥林匹斯，便可继续延长此权利。;70081345;;宙斯;0
70081709;700817;9;若不能，则等待你们的只有毁灭。;70081345;;宙斯;0
70081801;700818;1;无能者，你扰乱神界的罪恶之旅就到此为止了，接下去，奥林匹斯将在这被你扰乱的神界中树立起新的秩序。;70081345;;宙斯;0
70081901;700819;1;……刚才那些家伙……是什么……;70081346;;惠施;0
70081902;700819;2;……不清楚，但不会是什么友善的家伙吧。;70081346;;大物主;0
70081903;700819;3;嗯？你在干什么？;70081347;;惠施;0
70081904;700819;4;……杀了你也没什么意义，所以就把施加在你身上的力量收回了而已。;70081347;;大物主;0
70081905;700819;5;我们已经准备撤退了，建议你们也快点逃走吧，不要想跟那些家伙正面冲突了……;70081348;;大物主;0
70081906;700819;6;啊，同感……旅者大人，我们也赶紧撤退吧。至少……现在，请先撤退吧。;70081348;;惠施;0
70081907;700819;7;高天原;70081345;;;0
70081908;700819;8;无能之辈本没有生存的权利，但出于我的仁慈，这次依然将生存的神圣权利赋予你们。若能了解自己的弱小，臣服于奥林匹斯，便可继续延长此权利。;70081345;;宙斯;0
70081909;700819;9;若不能，则等待你们的只有毁灭。;70081345;;宙斯;0
70081910;700819;10;太清殿;70081349;;;0
70081911;700819;11;…以上，就是本次高天原的战况报告了。;70081350;;太乙真人;0
70081912;700819;12;……新的伪物加入到战争中来了吗……“道”似乎，越来越遥远了……;70081351;;道德天尊;0
70081913;700819;13;天尊，恕我直言，现在仅靠太清殿的战力是难以实现您的理想的。如此继续下去又将成为之前的结果……;70081350;;太乙真人;0
70081914;700819;14;……抱歉，即使如此我也不能同意让那个人干预此事……;70081352;;道德天尊;0
70081915;700819;15;可是师尊……只要那个人能介入，我们全员都能回到那个时候的状态……;70081353;;通玄真人;0
70081916;700819;16;如果不是“那个时候”就赢不了是吗？;70081354;;？？？;0
70081917;700819;17;嘛，计然他们确实是如此，毕竟是见过道之顶点的人，能回复那个时期的力量自然是最好啦。;70081354;;王诩;0
70081918;700819;18;所以说，死后被吹嘘成神仙真是麻烦。;70081354;;？？？;0
70081919;700819;19;总之做点什么打破这局面就行了吧，师尊大人哟？;70081355;;？？？;0
70081920;700819;20;……;70081356;;道德天尊;0
70081921;700819;21;那我先去和那群旅者见个面好了，诸位就请静候我的消息吧。;70081356;;？？？;0
70090101;700901;1;……;70090101;;庄周;0
70090102;700901;2;……;70090102;;惠施;0
70090103;700901;3;旅者大人，为什么这家伙会在这里？;70090103;;庄周;0
70090104;700901;4;真是无情呐，我也是这里的住人，回到自己家中有何不可。;70090104;;惠施;0
70090105;700901;5;什么住人啊！那是鲲的家伙们擅自……;70090111;;庄周;0
70090106;700901;6;好好好，谢谢你热情的欢迎，言归正传，在这混沌不明的异界中旅行，你的力量是必不可少的，所以让我们一起继续这旅途吧，不要再分开了。;70090109;;惠施;0
70090107;700901;7;诶！？啥？什么？突然这么说好恶心啊……;70090105;;庄周;0
70090108;700901;8;毕竟差点被人一箭射死的经历不想再来第二次了，有个能当挡箭牌的家伙也会安心不少吧。;70090110;;惠施;0
70090109;700901;9;哈！？你给我滚啦！;70090107;;庄周;0
70090110;700901;10;不行哦，旅者大人，和这种家伙混在一起……;70090103;;庄周;0
70090111;700901;11;哦哦~旅者大人，看来我们来的时机正巧呢，有救援邀请到了。;70090108;;惠施;0
70090112;700901;12;喂！等等！你擅自在看什么啊！;70090111;;庄周;0
70090113;700901;13;……哼嗯……这是……;70090102;;惠施;0
70090114;700901;14;走吧，旅者大人，目标是阿摩婆罗提。;70090110;;惠施;0
70090115;700901;15;给我等等！！;70090112;;庄周;0
70090201;700902;1;真是的，什么也不说就跑来把人一顿打，会被当成在先前的大战中突然冲出来袭击所有人的那些家伙吧……是叫啥？奥林匹斯吗？;70090113;;庄周;0
70090202;700902;2;那真是够呛。不过请安心，委托已确实完成。;70090114;;惠施;0
70090203;700902;3;诶？;70090115;;庄周;0
70090204;700902;4;因为委托的是，对阿摩婆罗提发起袭击，瓦解此处的防御。;70090116;;惠施;0
70090205;700902;5;你这家伙乱接了什么委托啊！！！！;70090117;;庄周;0
70090206;700902;6;那边的外来者！;70090118;;？？？;0
70090301;700903;1;等等……这个委托难道是……袭击！？我们不可以主动挑起战斗啦！撤啦撤啦！;70090117;;庄周;0
70090401;700904;1;呀啊啊！！对不起！跟我无关！都是那边那只猫头鹰干的！！;70090117;;庄周;0
70090402;700904;2;我何德何能做出如此伟业，此等造成混乱的本领，只有旅者大人能做到;70090119;;惠施;0
70090403;700904;3;我说你们啊，干的不错哒。这样的身手本王也能放心了。;70090121;;？？？;0
70090404;700904;4;嗯？难道你就是……;70090120;;庄周;0
70090405;700904;5;没错哒，本王就是负责防卫此地的哈努曼，正是本王召唤你们前来。;70090121;;哈努曼;0
70090406;700904;6;让手下试探我们的本领吗……真是个奢侈的王……;70090122;;惠施;0
70090407;700904;7;毕竟是隐秘行动，确认身手是有必要哒。;70090123;;哈努曼;0
70090408;700904;8;所以呢？到底需要我们干嘛？啊，如果是挑起战端，请恕我拒绝哦。;70090124;;庄周;0
70090409;700904;9;……不是什么困难的事情，你们，先与“这家伙”打一场吧。;70090125;;哈努曼;0
70090501;700905;1;这是……;70090126;;庄周;0
70090502;700905;2;是偶然的机会下抓住的……相当粗制滥造的分灵。;70090127;;哈努曼;0
70090503;700905;3;为什么要干这种事？因为都是猴子？所以有竞争心？;70090126;;庄周;0
70090504;700905;4;你叫谁猴子啊！！仔细看这分灵！看不出什么嘛！？;70090128;;哈努曼;0
70090505;700905;5;唔……真是有光泽的尾巴呢！;70090126;;庄周;0
70090506;700905;6;嗯！那当然！本王的尾巴可是……;70090129;;哈努曼;0
70090507;700905;7;不对！！这个分灵不是和本王几乎一模一样嘛！;70090128;;哈努曼;0
70090508;700905;8;你说这个谁懂哦！而且看上去也差很多吧！就像黑猩猩和山地大猩猩的区别那么大好不好！;70090130;;庄周;0
70090509;700905;9;你说的那个区别才是谁也不懂吧……;70090131;;惠施;0
70090510;700905;10;总而言之……是你认为，这个其他神灵的分灵，似乎是以你为原型制作的？;70090131;;惠施;0
70090511;700905;11;不不不，没谁会大费周章特意去让自己的分灵模仿其他神灵，而且这不是师尊那的猴子吗？擅自绑架人家的分灵不好哦。给你个香蕉，把这个分灵放了吧。;70090132;;庄周;0
70090512;700905;12;谁要你的香蕉啊！;70090133;;哈努曼;0
70090513;700905;13;唔呣呣，本王就直说了，本王觉得，这个分灵的主人可能跟本王有关！你们去把她带来见本王！;70090134;;哈努曼;0
70090601;700906;1;唔……是本王看走眼了嘛？只有这等实力，这里已经没你们的事了，吃个水果走人吧。;70090135;;哈努曼;0
70090701;700907;1;……你们为什么要接下来啊……;70090136;;庄周;0
70090702;700907;2;被几百只猴子用各种武器指着吓得瑟瑟发抖，却坚决不同意对方的条件，真不愧是得道之人。吾等的思想所不能及的高度呢，所以我接下了。;70090137;;惠施;0
70090703;700907;3;那不然怎么办！去绑架师尊的猴子？然后被另外几百只猴子用武器指着！？;70090138;;庄周;0
70090704;700907;4;与道德天尊谈谈，是有理智的人的话，这种事情总会有解决办法。;70090139;;惠施;0
70090705;700907;5;咕……说的轻巧……完全不知道我这边有多辛苦。;70090140;;庄周;0
70090706;700907;6;只是被同门师兄弟念叨几句，死不了人的。;70090137;;惠施;0
70090707;700907;7;没那个必要哒！就在这里解决你们！;70090141;;？？？;0
70090801;700908;1;嘿嘿……还挺强的……但我是不会跟你们走的！;70090143;;孙悟空;0
70090802;700908;2;唔哇！猴子都是这种不听人话的类型吗……;70090144;;庄周;0
70090803;700908;3;因为是猴子嘛。;70090145;;惠施;0
70090804;700908;4;猴子猴子的烦死了！你们以为我不知道你们和那家伙是一伙的嘛！我可是通过分灵全都看到了！;70090146;;孙悟空;0
70090805;700908;5;……不不不，话说你都看到了应该知道我们是被强迫的吧！;70090144;;庄周;0
70090806;700908;6;那种事我才不管！你们这些不值得信用的人类统统爆炸去吧！;70090147;;孙悟空;0
70090807;700908;7;我是不知道你为什么不信用人类，但我们这边的委托可是要带你去见另一只猴子的，为了同胞爱能不能乖乖跟我们走呢？;70090145;;惠施;0
70090808;700908;8;我跟向人类屈服的猴子才没有什么同胞爱！;70090146;;孙悟空;0
70090809;700908;9;……唔哇……这没办法好好对话呢……;70090144;;庄周;0
70090810;700908;10;那就用力量来交流哒！！;70090148;;？？？;0
70090901;700909;1;唔哇！好强！撤退！;70090142;;庄周;0
70091001;700910;1;终于见到你了，本王的分灵哟！;70090149;;哈努曼;0
70091002;700910;2;啊啊！又是你，每隔一段时间就要来一次烦不烦呐！;70090150;;孙悟空;0
70091003;700910;3;在你接受本王之前，本王是不会放弃的！;70090151;;哈努曼;0
70091004;700910;4;我和你没有关系！;70090152;;孙悟空;0
70091005;700910;5;哇啊……好像分手的情侣哦～;70090153;;庄周;0
70091006;700910;6;我想当事人之间应该是有更深刻的关系。不过我对猴子之间的关系也没什么兴趣，既然委托完成了，旅者大人，那我们这就回去吧。;70090154;;惠施;0
70091007;700910;7;可恶的人类！你们居然把我出卖给这家伙！;70090146;;孙悟空;0
70091008;700910;8;诶诶诶！？才不是！是她暗中跟踪我们！我们本来打算去找师尊解决的！;70090155;;庄周;0
70091009;700910;9;唔呶呶！你们要把本王的计划告诉那些道士！？本王看错你们了！;70090156;;哈努曼;0
70091010;700910;10;我想起来了！你是道德的弟子！是想来暗中铲除我的吧！;70090147;;孙悟空;0
70091011;700910;11;诶诶诶！？;70090157;;庄周;0
70091101;700911;1;本王的分灵……;70090158;;哈努曼;0
70091102;700911;2;你吵死了……闭嘴。;70090137;;惠施;0
70091103;700911;3;唔唔唔……我的独立大计……要止步于此了嘛……;70090159;;孙悟空;0
70091104;700911;4;……我第一次听说……不对，好几次了。谋反要适可而止哦。;70090160;;庄周;0
70091105;700911;5;有什么问题大家坐下来好好谈谈不好吗？;70090160;;庄周;0
70091106;700911;6;嗯？这可不像你啊，为什么不是打到服为止？;70090161;;惠施;0
70091107;700911;7;……因为我觉得这两只怎么打也没有用啦。但她们要是想继续，也只好奉陪到底了。;70090162;;庄周;0
70091108;700911;8;呼……呼……本王，没有异议……就谈谈吧。;70090163;;哈努曼;0
70091109;700911;9;姑且……就听你要说什么吧……;70090164;;孙悟空;0
70091110;700911;10;哈努曼大人！;70090165;;？？？;0
70091201;700912;1;啊啊！这个状况我知道，就是猴子反抗人类统治世界的那个……;70090178;;惠施;0
70091202;700912;2;跟那个没关系啦！快逃啦！;70090157;;庄周;0
70091301;700913;1;每次到了发情期就这样，不行哦，哈努曼大人。;70090166;;哪吒俱伐罗;0
70091302;700913;2;才不是发情期！本王只是……;70090167;;哈努曼;0
70091303;700913;3;知道知道，几乎每隔几个月你就想去找回一次失踪的分灵。但是不行哦，这样是不行的哦。;70090168;;哪吒俱伐罗;0
70091304;700913;4;呃……发生什么事了？;70090169;;庄周;0
70091305;700913;5;啊，旅者，你们好，没事，我这就把哈奴曼大人带走，给你们添麻烦了真是抱歉。请你们不要在意，这是常事了。;70090166;;哪吒俱伐罗;0
70091306;700913;6;这种说法等于是叫人去刨根问底。既然有想法，不如畅快的说出来如何。;70090170;;惠施;0
70091307;700913;7;真是的，所以说东国的人……;70090171;;哪吒俱伐罗;0
70091308;700913;8;披着伪善的外衣，装成与世无争的样子，背地里却净搞些小动作。;70090172;;哪吒俱伐罗;0
70091309;700913;9;这次的事情就请旅者你们不要深究了，说到底哈奴曼大人这次完全是因为你们无意义的帮助才会弄成这个样子。;70090174;;哪吒俱伐罗;0
70091310;700913;10;等等！这可不能当做没听到啊！请详细的……;70090162;;庄周;0
70091311;700913;11;老娘说你们这群混蛋烦死了啊！！！;70090173;;哪吒俱伐罗;0
70091401;700914;1;唔……;70090171;;哪吒俱伐罗;0
70091402;700914;2;那个……请详细的……;70090160;;庄周;0
70091403;700914;3;够了，旅者。分灵的事情怎样都好，本王已经玩够了，要回去了。;70090175;;哈努曼;0
70091404;700914;4;嗯？但是……;70090160;;庄周;0
70091405;700914;5;身为东国的人你应该清楚，一旦被你们的技术改造，分灵与本尊的联系就断绝了，即便如此还要煽动哈奴曼大人去寻回分灵，实在太残酷了。;70090176;;哪吒俱伐罗;0
70091406;700914;6;等等……这是哪里的话题？我们是收到……;70090177;;庄周;0
70091407;700914;7;啊啊，诚心诚意的了解了，我们会多加注意。;70090178;;惠施;0
70091408;700914;8;啊喂！;70090179;;庄周;0
70091409;700914;9;（这里就先退下吧。对方不是可以交涉的状态。）;70090180;;惠施;0
70091410;700914;10;（但是……！！）;70090181;;庄周;0
70091411;700914;11;（比起这个，我很在意，这次的事件未免太顺利了，简直就像被安排好了一样……）;70090182;;惠施;0
70091412;700914;12;（什么被安排好了？）;70090183;;庄周;0
70091413;700914;13;（从未联络过的猴子突然发来的求援，另一只猴子拦截我们的时机，被派来找猴子的家伙赶到的时间……简直就像是有人在希望我们挑起事端却又不希望解决一样。）;70090185;;惠施;0
70091414;700914;14;（猴子猴子的太多了，完全不明白你在说什么，而且希望挑起事端的不就是你吗？）;70090184;;庄周;0
70091415;700914;15;（我岂会做的如此破绽百出……现在先静观其变……但愿只是我多虑了……）;70090185;;惠施;0
70091501;700915;1;旅者，奉毗湿奴大人的命令，不得对你们出手，所以留下你们一条性命，你们若是识大体的话就在此退下，不要再涉足此事了。;70090174;;哪吒俱伐罗;0
70100101;701001;1;.......;70100101;;庄周;0
70100102;701001;2;呀呼！;70100102;;太乙真人;0
70100103;701001;3;[哒哒哒哒……];70100103;;;0
70100104;701001;4;感觉...最近我的基地里好像多了很多外人的样子？;70100104;;庄周;0
70100105;701001;5;哎呀，甚是糟糕，要做好基地的出入管理啊。;70100105;;惠施;0
70100106;701001;6;你这家伙也是外人之一啦！;70100106;;庄周;0
70100107;701001;7;唔…不过跟那边那个比起来，你都算得上可爱了……;70100107;;庄周;0
70100108;701001;8;这可真是受宠若惊，不过那位到底是……？;70100108;;惠施;0
70100109;701001;9;太乙真人啦，师尊那边的……不好！眼神对上了！;70100107;;庄周;0
70100110;701001;10;等！你干嘛拦着我！;70100109;;庄周;0
70100111;701001;11;逮住她真是多谢了，一直被她逃掉都没法好好说上话。;70100110;;太乙真人;0
70100112;701001;12;哪里哪里，只要能给这家伙添乱的事我都乐意效劳。;70100108;;惠施;0
70100113;701001;13;何等高雅的嗜好，有时间的话请务必与我好好探讨！;70100111;;太乙真人;0
70100114;701001;14;不过今日就算了，有要事需要和这只商谈。;70100112;;太乙真人;0
70100115;701001;15;我不听！肯定不是什么好事！;70100113;;庄周;0
70100116;701001;16;旅者大人！把他们全都赶出去！;70100114;;庄周;0
70100201;701002;1;旅者大人，我不是说把他们”全都“赶出去嘛？;70100115;;庄周;0
70100202;701002;2;大家不都是朋友吗？就听听看她要说什么如何？;70100108;;惠施;0
70100203;701002;3;……你什么都没干吧，干嘛一副打赢的样子自作主张啊……;70100107;;庄周;0
70100204;701002;4;嘛嘛~算了算了，就告诉你好了。;70100117;;太乙真人;0
70100205;701002;5;我为什么要被你同情啊！话说我完全不想听！;70100118;;庄周;0
70100301;701003;1;唔啊啊！！可恶！既然如此！自爆装置！启动！！;70100119;;庄周;0
70100401;701004;1;哦！接下去就由我代替师父来说明！;70100120;;哪吒;0
70100402;701004;2;等等……是不是若无其事的就多了一人。;70100121;;庄周;0
70100403;701004;3;不用在意！我和师父是一心同体的！当成一个人也没问题。;70100122;;哪吒;0
70100404;701004;4;才不是没问题。;70100123;;太乙真人;0
70100405;701004;5;话说，你们见过那只猴子了吧。;70100124;;太乙真人;0
70100406;701004;6;那只猴子。。。是指。。。哈努曼?;70100125;;庄周;0
70100407;701004;7;对对，就是那只猴子。也见到和这孩子长得很像的那位了吧。;70100126;;太乙真人;0
70100408;701004;8;才不像！那种粗劣的面貌！和我这由师父精雕细琢的美貌完全不同！;70100127;;哪吒;0
70100409;701004;9;嘛……脸部什么的我才懒得去修改。反正只是个外形，套用本尊的就挺好。;70100124;;太乙真人;0
70100410;701004;10;本尊……啊，对了，她是那个的山寨……;70100128;;庄周;0
70100411;701004;11;请说是本地化改造。;70100129;;太乙真人;0
70100412;701004;12;……随便了。所以呢？见是见到了，需要我们干什么？;70100130;;庄周;0
70100413;701004;13;这样话就好说了。;70100131;;太乙真人;0
70100414;701004;14;请为你们的罪行赎罪吧。;70100132;;太乙真人;0
70100501;701005;1;你干什么鬼啦！！突然就打过来！吓死我了！;70100133;;庄周;0
70100502;701005;2;明明站着不动很快就完事了，为什么要抵抗呢？;70100134;;太乙真人;0
70100503;701005;3;突然就嚷嚷着罪行罪行的打过来，不抵抗才见鬼了！;70100135;;庄周;0
70100504;701005;4;你们不是试图帮助她们两个恢复力量吗？以死谢罪是应该的吧。;70100136;;太乙真人;0
70100505;701005;5;……原来是这么一回事吗……因为我们帮助了那只猴子诱拐另一只猴子，所以我们被视作太清的敌人了吗?;70100137;;惠施;0
70100506;701005;6;正确~来的是我真是太好了呢~因为我很~~弱，所以打不过你们，会给你们一个机会证明自己的清白哦~;70100138;;太乙真人;0
70100507;701005;7;这么宽容恐怕是有什么诡计在里面吧……;70100139;;惠施;0
70100508;701005;8;所以说小惠施你那时就该听话无视那个任务啊~现在已经太迟了……;70100140;;太乙真人;0
70100601;701006;1;……嗯……虽然赢了是很高兴啦，不过这样的程度，恐怕……所以算了~~☆就当我没来过吧。;70100141;;太乙真人;0
70100701;701007;1;什么啊，又是你们，本王已经不用你们帮忙了。;70100142;;哈努曼;0
70100702;701007;2;请别这么说，我们不是一起吃过香蕉的好朋友吗？来看望朋友需要什么特别的理由吗？;70100143;;惠施;0
70100703;701007;3;谁跟你一起吃过香蕉啊！;70100144;;哈努曼;0
70100704;701007;4;而且本王可是知道哒！你们来这里的目的……;70100145;;哈努曼;0
70100705;701007;5;诶？那就快点告诉我们，是谁……;70100146;;庄周;0
70100706;701007;6;想抓住本王向东国的道士邀功是不可能哒！拿下他们！！;70100147;;哈努曼;0
70100707;701007;7;啊！！我受够这只听不懂人话的猴子了！！;70100148;;庄周;0
70100801;701008;1;嗯？用户回访？那是啥？;70100149;;哈努曼;0
70100802;701008;2;对对对，因为要建立稳定安全值得信赖的客户关系，所以需要你告诉我们是谁推荐你向我们发出委托的。;70100150;;惠施;0
70100803;701008;3;早说嘛！是毗湿奴大人哦，说你们无论什么样没廉耻的委托都会接下来哒。;70100151;;哈努曼;0
70100804;701008;4;诶！?那个毗湿奴小姐吗……被这样评论还真是有点受伤……不过这样就轻松搞定啦！;70100152;;庄周;0
70100805;701008;5;……是这样就好了……;70100153;;惠施;0
70100901;701009;1;知道本王的厉害了吧！现在开始对你们处以脚底挠痒之刑！;70100154;;哈努曼;0
70101001;701010;1;啊啦啦~旅者大人~;70100155;;毗湿奴;0
70101002;701010;2;毗湿奴小姐……那个……今日前来是……;70100156;;庄周;0
70101003;701010;3;哈努曼那孩子承蒙你们关照了，虽然没能找回那孩子的分灵，但还是感谢你们的努力。;70100157;;毗湿奴;0
70101004;701010;4;诶嘿嘿……哪里……;70100158;;庄周;0
70101005;701010;5;不对啦！毗湿奴小姐！我们是不介入这种挖角的！你应该知道的吧！;70100159;;庄周;0
70101006;701010;6;？;70100160;;毗湿奴;0
70101007;701010;7;不是”?“啦！因为帮助哈努曼小姐，现在我们被当做一边的啦！;70100161;;庄周;0
70101008;701010;8;啊啦啦~~多么美妙~简直和一起对抗沙海的恶神那时一样。;70100162;;毗湿奴;0
70101009;701010;9;等……你这样说我在拉小姐那的立场就……;70100163;;庄周;0
70101010;701010;10;同为希望世界得到救赎的伙伴，今后就让我们好好相处吧。;70100162;;毗湿奴;0
70101011;701010;11;啊啊啊！！为什么一个个都不听人说话啦！;70100163;;庄周;0
70101012;701010;12;这样一来不是正好吗？用你熟悉的方式解决吧。;70100164;;惠施;0
70101101;701011;1;所！以！说！这就是一场误会啦！我们！完全没有！意愿！加入任何一方！;70100165;;庄周;0
70101102;701011;2;啊啦啦~~那还真是可惜呢……;70100166;;毗湿奴;0
70101103;701011;3;明明有着相同的理念……;70100167;;毗湿奴;0
70101104;701011;4;还想着在之后的战斗中能够成为助力的。;70100168;;毗湿奴;0
70101105;701011;5;到时请普通的发委托，不要再用这种蹩脚的戏码来陷害我们了。;70100169;;惠施;0
70101106;701011;6;？;70100170;;毗湿奴;0
70101107;701011;7;诶？;70100171;;庄周;0
70101201;701012;1;诶诶诶！？那个……啊哈哈……抱歉了……什么事都没有……打扰了……;70100172;;庄周;0
70101301;701013;1;太乙啊啊啊啊！！给我出来！！你又下套陷害我们了吧！！;70100173;;庄周;0
70101302;701013;2;不在……是回去了吗？;70100174;;惠施;0
70101303;701013;3;呀，各位。;70100124;;太乙真人;0
70101304;701013;4;嗯？！这是……;70100115;;庄周;0
70101305;701013;5;稍微篡改一下各处收到的信息也只能做到这一步了，毕竟只要冷静的坐下来谈一谈就会发现消息前后不一样吧。;70100129;;太乙真人;0
70101306;701013;6;啊啊！真是被你耍了！;70100133;;庄周;0
70101307;701013;7;抓住那只猴子的分灵，洗脑之后丢给另一只猴子，再诱导她去委托你们，可是很费劲的哦，好在猴子相当单纯，有点刺激马上就上钩了。;70100134;;太乙真人;0
70101308;701013;8;然后暗中通知了分灵的主人和另一只猴子的监护人让我们没法顺利解决，结果我们完全变成诱拐犯了……虽是粗糙的手段……但真是干的不错……;70100175;;惠施;0
70101309;701013;9;要让她们在恰好的时机赶到可是很麻烦的哦，不过就算没有赶上，也会有其他人赶到现场拖延时间的，所以怎样都好了。;70100138;;太乙真人;0
70101310;701013;10;你这家伙……要是那个猫头鹰没接下任务，你的努力就白费了吧！;70100135;;庄周;0
70101311;701013;11;嗯……现在说这个可能已经迟了，小庄周，你还不明白吗？你们一定会接下那个任务，就像我能时刻把握你们的具体进展一样，这之中没有任何偶然哦。从一开始，你们就只是这计划的一部分而已。;70100139;;惠施;0
70101312;701013;12;如您所言，一切皆在真人您的计划之中。;70100176;;李靖;0
70101401;701014;1;呜哇……吓我一跳……那个塔居然……;70100177;;惠施;0
70101402;701014;2;啊啊，失败了。明明是自己的基地，居然也下得去手呢。;70100178;;太乙真人;0
70101403;701014;3;呼……呼……坏掉的机器就要照着斜角敲打下去……;70100179;;庄周;0
70101404;701014;4;真过分呐……;70100180;;李靖;0
70101405;701014;5;你闭嘴啦！这下太乙你的计划就全玩完了吧！;70100181;;庄周;0
70101406;701014;6;嗯~~是这样吗？;70100182;;太乙真人;0
70101407;701014;7;不如说，是大成功吧，旅者已经确实表明了立场无法为我们的计划所用。;70100124;;太乙真人;0
70101408;701014;8;……诶！？;70100125;;庄周;0
70101409;701014;9;诶呀，讨厌。小庄周，你明明知道的，那一位一直保持现状就是期待着你仍会是太清的支持者。;70100126;;太乙真人;0
70101410;701014;10;结果你却去支持那些伪物，甚至为了那些伪物和太清对立……;70100131;;太乙真人;0
70101411;701014;11;还不是你这家伙……;70100133;;庄周;0
70101412;701014;12;嗯嗯，没错呢，就算是被诱导的也无所谓，那一位必须要认清仅凭现在的力量是无法实现自身的理念的。;70100134;;太乙真人;0
70101413;701014;13;想必这样的结果即使是那一位也无法再拒绝师尊的介入了。;70100134;;太乙真人;0
70101414;701014;14;太好了呢，在你的努力下，离清平之世又近了一步呢。;70100183;;太乙真人;0
70101501;701015;1;这可真是意想之外的收获，李靖，把他们全都扔出去吧~~;70100184;;太乙真人;0
70110101;701101;1;…………;70110101;;庄周;0
70110102;701101;2;…………;70110102;;？？？;0
70110103;701101;3;所以你这时候跑来是要干嘛啦……;70110101;;庄周;0
70110104;701101;4;多言无用！！！纳命来！;70110103;;？？？;0
70110105;701101;5;一上来就说这个啊？！正好我心情不好，看打！;70110104;;庄周;0
70110201;701102;1;呼……呼……怎样？怕了吗？！;70110105;;庄周;0
70110202;701102;2;好了好了，打过了气也消了，看看她到底要说什么吧……你不是一直蜗居在上层的么？;70110106;;惠施;0
70110203;701102;3;蝶之长啊，汝的命运已经向吾揭示，虚无的……;70110107;;庄周鹏之型;0
70110204;701102;4;麻烦你说人话好么？;70110108;;庄周;0
70110205;701102;5;噫！！;70110109;;庄周鹏之型;0
70110206;701102;6;有……有小道消息说……玉清殿那边的大人物……近期要有大动作……;70110110;;庄周鹏之型;0
70110207;701102;7;人家有点担心这边……过来报信的嘛……;70110110;;庄周鹏之型;0
70110208;701102;8;切，战斗弱的要死，也就卜卦还有一手了。;70110111;;庄周;0
70110209;701102;9;这话从你嘴里说出来完全没有说服力啊。;70110112;;惠施;0
70110210;701102;10;那也不用上来就打啊！我让太乙那家伙搞得心烦意乱，好不容易休息几天，你别来给我搞事嘛！;70110113;;庄周;0
70110211;701102;11;不过，说是大动作，但也并不清楚具体的动向么。;70110114;;惠施;0
70110212;701102;12;没办法……再等下去就被动了，去找【那几个】探探口风吧……;70110115;;庄周;0
70110213;701102;13;旅者大人，轮到我们出动了！;70110115;;庄周;0
70110301;701103;1;弱者啊，汝之命运就此消散吧！;70110116;;庄周鹏之型;0
70110401;701104;1;哈……一想到要去交涉就提不起劲……;70110117;;庄周;0
70110402;701104;1;别这么说嘛，这也是为了获得更多的信息嘛。;70110118;;惠施;0
70110403;701104;2;而且之前太乙真人所提到的“清平之世”我也很在意。;70110119;;惠施;0
70110404;701104;3;哈……;70110120;;庄周;0
70110405;701104;4;不过如果就连玉清殿那边也要有什么动作的话……;70110120;;庄周;0
70110406;701104;5;也就是说上清殿那边也不会再沉默下去了……毕竟元始天尊的影响力不是开玩笑的……;70110120;;惠施;0
70110407;701104;6;灵宝天尊么……按照那位爱搞事的天尊大人的性子，怕是早就开始活动了吧。;70110121;;庄周;0
70110408;701104;7;确实，我听到的消息是早在巨人们入侵高天原之前，灵宝天尊就已经失踪了……;70110121;;惠施;0
70110409;701104;8;这么看的话，那一位说不定正躲在哪里煽风点火偷着乐吧，毕竟“享受过程”是那一位的信条嘛。;70110121;;庄周;0
70110410;701104;9;哎呀，不可以说师尊们的坏话哦~;70110122;;列御寇;0
70110411;701104;10;御寇？！你……你的样子……！;70110123;;庄周;0
70110412;701104;11;三清源生常一，言辱任一天尊都是对师尊不敬！南华，这个罪即便是你也当不起的。;70110124;;辛计然;0
70110413;701104;12;计然？！你也……你们放弃了仙籍么！？为什么？难道说阿楚也……;70110125;;庄周;0
70110414;701104;13;你不必问那么多，这之中的“道”，现在的你是不会明白的。;70110126;;辛计然;0
70110415;701104;14;你不说我怎么会知道！！;70110127;;庄周;0
70110416;701104;15;因为你还并不完整啊……这次我们放弃仙籍也有一部分是为了你能……;70110128;;列御寇;0
70110417;701104;16;御寇，够了！向这个样子的她解释那么多并没有意义。;70110129;;辛计然;0
70110418;701104;17;唉……过于宠溺南华只会让她之后受伤更多啊……;70110130;;列御寇;0
70110419;701104;18;…………一切都是为了师尊与“大道”。;70110131;;辛计然;0
70110420;701104;19;…………;70110131;;惠施;0
70110421;701104;20;你们在说什么啊！！我完全听不懂啊！！……算了，让我见师尊！我有话问她！;70110132;;庄周;0
70110422;701104;21;师尊不会见你的，如果你想硬闯，就别怪我们不客气了。;70110132;;辛计然;0
70110423;701104;22;真是不可理喻！;70110133;;庄周;0
70110501;701105;1;哼，就只有这么点实力么，现在的你还差得远，回去吧，时机到了我们会再去找你的。;70110134;;辛计然;0
70110502;701105;2;呼……呼……明明放弃了仙籍，现在只是个和我一样的“人”而已……;70110134;;庄周;0
70110503;701105;3;这个强度……“真人”原来是这么强大的么……这就是“道”么……;70110135;;惠施;0
70110504;701105;4;嚯……区区一只猫头鹰，居然看到了“道”么。;70110136;;列御寇;0
70110505;701105;5;呼……呼……到底怎么回事啊？;70110134;;庄周;0
70110506;701105;6;你的话……应该是知道的……“你”不想成为的样貌……【你】成为了的样貌……我（？)所【憎恨】的样貌……;70110152;;惠施;0
70110507;701105;7;“得道之人”！！？？;70110152;;庄周;0
70110508;701105;8;话说的太多了，还要再不自量力么？;70110137;;辛计然;0
70110509;701105;9;！！;70110138;;惠施;0
70110510;701105;10;危险！！;70110139;;庄周鹏之型;0
70110511;701105;11;【轰！！！】;70110140;;;0
70110601;701106;1;哼，就只有这么点实力么，现在的你还差得远，回去吧，时机到了我们会再去找你的。;70110134;;辛计然;0
70110602;701106;2;可恶！撤退！;70110134;;庄周;0
70110701;701107;1;又怎么了？;70110141;;庄周;0
70110702;701107;2;…………;70110142;;？？？;0
70110703;701107;3;那是……【那个】！？怎么会在这里！？;70110142;;庄周;0
70110704;701107;4;这让人无法呼吸的压迫感……太清殿的弟子已经全部撤退了……;70110143;;惠施;0
70110705;701107;5;明明应该……不会这样的……她不是应该在玉清殿内殿……玉清殿！？;70110143;;庄周;0
70110706;701107;6;！！难道说………喂，那边的傻鸟！;70110144;;庄周;0
70110707;701107;7;噫 ！！;70110144;;庄周鹏之型;0
70110708;701107;8;你说的玉清殿的大动作难道是【那个】重启的事情么！？;70110145;;庄周;0
70110709;701107;9;看来不好的预感全都应验了啊~~~！！！;70110145;;庄周鹏之型;0
70110710;701107;10;…………;70110146;;？？？;0
70110711;701107;11;啧！这下麻烦了啊……搞不好会变成神界的全面战争啊……;70110146;;庄周;0
70110712;701107;12;虽然我不清楚【那个】是什么，但是好像一直“看”着这边啊……还在慢慢靠近……要撤退么？;70110147;;惠施;0
70110713;701107;13;不行！不能放任【那个】暴走！别说太清殿，整个神界都会毁灭的！;70110148;;庄周;0
70110714;701107;14;旅者大人！虽然很危险，但还请你听一下我任性的请求！;70110149;;庄周;0
70110715;701107;15;请一定要阻止【那个】！不然会发生无可挽回的灾难！;70110150;;庄周;0
70110716;701107;16;…………;70110151;;？？？;0
70110801;701108;1;大家都没事吧！;70110153;;庄周;0
70110802;701108;2;还……还活着……;70110153;;庄周鹏之型;0
70110803;701108;3;喂喂……我们都这么费劲了，【那个】好像毫发无伤啊……是我的错觉么？;70110153;;惠施;0
70110804;701108;4;不，【那个】就是这样的兵器，果然凭我们几个还是太勉强了……倒不如说能活到现在都是运气好吧……;70110153;;庄周;0
70110805;701108;5;呼呼，许久不见你还是那么天真乐观啊，我不过是限制了【它】的出力而已哦~;70110154;;元始天尊;0
70110806;701108;6;毕竟是可爱的徒侄……的一部分嘛~“弄脏了”就不好向伯阳交代了。;70110155;;元始天尊;0
70110807;701108;7;！！;70110156;;惠施;0
70110808;701108;8;天……天尊……;70110156;;庄周;0
70110901;701109;1;不……不行了……;70110150;;庄周;0
70110902;701109;2;…………;70110151;;浑沌;0
70111001;701110;1;那么，您也是来阻止我见师尊的么？;70110157;;庄周;0
70111002;701110;2;嗯？我只是路过而已哦~;70110158;;元始天尊;0
70111003;701110;3;那您让浑沌攻击我们是为了什么？;70110158;;庄周;0
70111004;701110;4;哎呀，我只是远远看到进殿的路上有些碍事，让这孩子去打扫一下而已啦。;70110159;;元始天尊;0
70111005;701110;5;天尊！您应该再清楚不过了，浑沌一旦启用，神界之间就会……;70110160;;庄周;0
70111006;701110;6;唔……我不觉得有必要让你来教我该怎么做吧？;70110161;;元始天尊;0
70111007;701110;7;还是说，你觉得自己才是看透“人道”之人么？;70110162;;元始天尊;0
70111008;701110;8;伯阳也好，我家那个孽徒也罢，好像也对你很感兴趣的样子……因为众人对你太过娇惯而让你目空一切了么？;70110163;;元始天尊;0
70111009;701110;9;我……没有……;70110164;;庄周;0
70111010;701110;10;不过在我眼中世人皆为刍狗，即便是你也没有什么不同，更不用说现在的“你”。;70110165;;元始天尊;0
70111011;701110;11;居然对“天道”指摘，是不是有点过于狂妄了呢？;70110166;;元始天尊;0
70111012;701110;12;天尊！请听我……;70110166;;庄周;0
70111013;701110;13;看来还是要稍微调教一下比较好，有个这么不明事理的徒弟，真是替伯阳担心啊……;70110167;;元始天尊;0
70111014;701110;14;我……！;70110167;;庄周;0
70111015;701110;15;小心！！要来了！！;70110168;;惠施;0
70111101;701111;1;嚯~旅者之名果然不虚啊，这个状态下也算不错了，看看这招怎么样？;70110169;;元始天尊;0
70111102;701111;2;唔……动不……了……糟…………;70110170;;庄周;0
70111103;701111;3;小心！！;70110171;;惠施;0
70111104;701111;4;唔！！;70110172;;惠施;0
70111105;701111;5;惠施！！;70110172;;庄周;0
70111106;701111;6;咳…………;70110173;;惠施;0
70111107;701111;7;哎呀，这个我可没有想到呢……;70110174;;元始天尊;0
70111108;701111;8;够了！;70110175;;道德天尊;0
70111109;701111;9;师尊！！;70110176;;庄周;0
70111110;701111;10;……元始，还希望你不要在我的殿前欺负我徒弟啊……;70110176;;道德天尊;0
70111111;701111;11;哎呀，我可没有欺负她，看见门垫脏了不就应该拍打拍打么~？;70110177;;元始天尊;0
70111112;701111;12;罢了，你来找我是要说那件事吧？;70110177;;道德天尊;0
70111113;701111;13;你还是那样，总能比我看到更先一步呢。;70110176;;元始天尊;0
70111114;701111;14;随我来吧。;70110178;;道德天尊;0
70111115;701111;15;师尊！！我……;70110179;;庄周;0
70111116;701111;16;现在不是时候。你先回去吧，时机到了我自然会去找你。;70110180;;道德天尊;0
70111117;701111;17;（放心吧，只要不乱来，他死不了的。）;70110181;;道德天尊;0
70111118;701111;18;………………是………………;70110182;;庄周;0
70111201;701112;1;嚯~看来不过是伪物啊，那留着你们也没什么用了。;70110169;;元始天尊;0
70111202;701112;2;放心吧，之后的就交给我们了……;70110170;;元始天尊;0
70111301;701113;1;看来命是保住了…………;70110201;;大鲲;0
70111302;701113;2;呼……真不让人省心……;70110202;;庄周;0
70111303;701113;3;不过多亏了你愿意来上层……;70110203;;庄周;0
70111304;701113;4;别开玩笑了，他的死活与我何干？;70110204;;大鲲;0
70111305;701113;5;只是元祖不肯杀他而已，要是他不小心死了我也不好交代，毕竟名义上他还是“我”的犯人。;70110204;;大鲲;0
70111306;701113;6;哎呀哎呀……犯人什么的真是无情啊……;70110203;;惠施;0
70111307;701113;7;居然拿自己的肉身去挡那一击……真是疯了！;70110202;;庄周;0
70111308;701113;8;哈哈……真是惭愧，手边也没什么别的办法就……;70110202;;惠施;0
70111309;701113;9;都说你拙于用大……还是和以前一样……;70110202;;庄周;0
70111310;701113;10;不过我这边的治疗也只能到这个地步了，他受的这种伤不是你我能够如何的，你自己也清楚吧。;70110205;;大鲲;0
70111311;701113;11;这……还是要去找那家伙么？……;70110206;;庄周;0
70111312;701113;12;其他神灵怎么可能为这家伙分出神力，还是说你后面那只雏鸟已经可以达到九万里的境界了？;70110205;;大鲲;0
70111313;701113;13;唔………………;70110206;;庄周鹏之型;0
70111314;701113;14;我没有责备你的意思，不过是你的话应该算的出来，这只猫头鹰的命数如何。;70110205;;大鲲;0
70111315;701113;15;不过，我也不知道鹏之长的所在，毕竟我只是个“异端”……只能尽我所能保住现状而已…………;70110207;;庄周鹏之型;0
70111316;701113;16;这就够了，这段时间内就让这边的笨蛋协助旅者大人想想办法吧。;70110208;;大鲲;0
70111317;701113;17;【一段时间后，高天原】;70110183;;;0
70111318;701113;18;还是先不要放弃（别的）希望……去问问天照小姐有没有什么办法吧……;70110184;;庄周;0
70111319;701113;19;怎么看都是在逃避吧，就这么怕去找【那位】么？胆子还没胸大吧。;70110185;;庄周鲲之型;0
70111320;701113;20;本来就不会比胸大啦！啊……你不是啊……;70110185;;庄周;0
70111321;701113;21;你丫找死吗！？;70110186;;庄周鲲之型;0
70111322;701113;22;真是的……在别人家门口吵吵嚷嚷什么啊！;70110187;;天手力男;0
70111323;701113;23;啊，看门的天手力男大神啊。我们是来找天照小姐借三神器的啦。;70110189;;庄周鲲之型;0
70111324;701113;24;谁是看门的啊！别以为后面加了大神的叫法我就会无视啊！谁会把三神器随便借人啊！槽点太多了啦！！;70110188;;天手力男;0
70111325;701113;25;我生气了！！要让你们土下座向我道歉！;70110191;;天手力男;0
70111326;701113;26;啊！！真是的你多什么嘴啦！！！事情都搞复杂啦！！;70110193;;庄周;0
70111401;701114;1;唔……看来这段时间你们进步了不少啊。看在过去帮助过天照大神的面子上，这件事就不追究了。;70110194;;天手力男;0
70111402;701114;2;不过三神器是不会借的！况且大神现在去了阿斯嘉德呐！;70110195;;天手力男;0
70111403;701114;3;请问是发生什么事情了吗？;70110197;;庄周;0
70111404;701114;4;唔……一两句话也说不清楚，你们还是自己去找天照大神问问吧。;70110194;;天手力男;0
70111405;701114;5;未知的前方缠绕着不祥的黑雾，吾等的命运究竟如何……;70110199;;庄周鲲之型;0
70111406;701114;6;别学那些笨鸟了啦……不觉得丢人吗……;70110198;;庄周;0
70111407;701114;7;不过……也确实有些不好的预感，还是做好些准备再前往阿斯嘉德吧……;70110198;;庄周;0
70111501;701115;1;啊哈哈哈！就这点本事就来闯高天原，回去多喝点牛奶吧！;70110192;;天手力男;0
70111502;701115;2;可恶……已经疲累到连天手力男大神都打不赢了么……我输了……;70110190;;庄周鲲之型;0
70111503;701115;3;认输是好事，不过……总觉得被小看了……是错觉么……;70110196;;天手力男;0
99993101;999931;1;【时间不明，玉清殿·内殿】;99993101;;太乙救苦天尊;0
99993102;999931;2;欢迎~欢迎各位旅者大人来到我的【玉京宫】~;99993102;;太乙救苦天尊;0
99993103;999931;3;看起来你们似乎有很多疑问想要得到解答啊~;99993103;;太乙救苦天尊;0
99993104;999931;4;当然~当然~~没有我不能回答的问题哦，当然也要付出相应的代价才行~;99993104;;太乙救苦天尊;0
99993105;999931;5;不过在那之前……;99993105;;太乙救苦天尊;0
99993106;999931;6;就让我讲一个故事吧……一个很长很长……迷困于梦境中的蠢货们故事…………;99993106;;太乙救苦天尊;0
99993107;999931;7;【唰】;99993107;;;0
99993108;999931;8;哇！！刚才的白光是怎么回事！？好多人！！;99993108;;天照;0
99993109;999931;9;嗯？你是！！刚才那是你搞的鬼吗？;99993109;;史尔特;0
99993110;999931;10;呸！！我才没你那么喜欢搞事！话说这里是哪啊？这些人又是谁啊！！;99993110;;天照;0
99993111;999931;11;阿斯嘉德之主！多言无用！先吃我一拳！;99993111;;史尔特;0
99993112;999931;12;【噗】;99993112;;;0
99993113;999931;13;咦？完全不痛……难道是力量被限制了……看来所有人力量都变得很奇怪……;99993113;;奥丁;0
99993114;999931;14;卑鄙小人！！不要以为这样我就会输了！！;99993114;;史尔特;0
99993115;999931;15;都别吵啦~~~！！！所以说东边的和北边的蛮子真是不会用脑子吗？;99993115;;博德;0
99993116;999931;16;现在大家都在陌生的环境，力量又用不出来，先团结起来想想办法，看怎么出去再说吧！;99993116;;思兼神;0
99993117;999931;17;我才不要和这个死宅女一起行动咧！;99993117;;史尔特;0
99993118;999931;18;哼！我也才不要和你这种家伙一起行动！;99993118;;天照;0
99993119;999931;19;唔……过于集中行动也不太好，极东的公主啊，我就从那边开始探索好了。;99993119;;奥丁;0
99993120;999931;20;嗯……也好，那边就交给你啦……;99993120;;天照;0
99993121;999931;21;【于是，大家分头与看起来谈得来的伙伴重新组队，开始了奇妙的冒险…………】;99993121;;？？？;0
99993122;999931;22;好像听到了画外音……是错觉么…………;99993122;;尼德霍格;0
